"ID","LACT","FDAT","DIM","Date","HOSPM","Quarter","Dateok","MAST","Trt_MAST","Trt_dec","TRT","CULTURE","CULT_res","CULT_type","REMAST","Trt_REMAST"
7,1,09/04/2020,171,02/22/2021,HOSPM,RF,02/22/2021,MAST,NOTXTORF,NOTXT,0,CULTURE,NGRF,NG,,
38,4,09/24/2020,157,02/28/2021,HOSPM,RR,02/28/2021,MAST,SPCT3RR,SPCT3,1,CULTURE,GPRR,GP,,
86,2,07/26/2020,242,03/25/2021,HOSPM,LF,03/25/2021,MAST,SPCT3LF,SPCT3,1,CULTURE,GPLF,GP,,
27996,7,07/29/2020,181,01/26/2021,HOSPM,RF,01/26/2021,MAST,SPCT3RF,SPCT3,1,CULTURE,GPRF,GP,,
27996,7,07/29/2020,,,,,01/29/2021,,,,,,,,REMAST,SPECT5RF
27996,7,07/29/2020,196,02/10/2021,HOSPM,RF,02/10/2021,MAST,SPCT3RF,SPCT3,1,CULTURE,GPRF,GP,,
30042,7,12/27/2020,78,03/15/2021,HOSPM,RF,03/15/2021,MAST,NOTXTORF,NOTXT,0,CULTURE,NGRF,NG,,
31288,6,07/18/2020,181,01/15/2021,HOSPM,LF,01/15/2021,,,,,CULTURE,MXLF,MX,,
31453,6,01/31/2021,2,02/02/2021,HOSPM,BLOOD,02/02/2021,,,,,,,,,
32610,6,02/19/2021,16,03/07/2021,HOSPM,LR,03/07/2021,MAST,SPCT3LR,SPCT3,1,CULTURE,GPLR,GP,,
32837,6,10/18/2020,98,01/24/2021,HOSPM,RR,01/24/2021,,,,,CULTURE,GPRR,GP,,
32878,6,03/19/2021,12,03/31/2021,HOSPM,LR,03/31/2021,MAST,NOTXTO,NOTXT,0,CULTURE,NG,NG,,
33083,5,04/18/2020,336,03/20/2021,HOSPM,BLOOD,03/20/2021,MAST,NOTXTOLR,NOTXT,0,CULTURE,NGLR,NG,,
33083,5,04/18/2020,349,04/02/2021,HOSPM,LR,04/02/2021,MAST,NOTXTOLR,NOTXT,0,CULTURE,NGLR,NG,,
33216,6,12/02/2020,71,02/11/2021,HOSPM,RF,02/11/2021,MAST,SPCT3RF,SPCT3,1,CULTURE,GNRF.,GN,,
33216,6,12/02/2020,,,,,02/14/2021,,,,,,,,REMAST,SPECT5RF
33216,6,12/02/2020,,,,,02/22/2021,,,,,,,,REMAST,SPECT5RF
33492,5,07/31/2020,175,01/22/2021,HOSPM,RR,01/22/2021,MAST,SPCT3RR,SPCT3,1,CULTURE,GPRR,GP,,
33492,5,07/31/2020,226,03/14/2021,HOSPM,RR,03/14/2021,,,,,,,,,
33559,5,07/29/2020,191,02/05/2021,HOSPM,RR,02/05/2021,MAST,NOTXTORR,NOTXT,0,CULTURE,NGRR,NG,,
33671,5,02/20/2021,20,03/12/2021,HOSPM,LF,03/12/2021,MAST,SPCT3LF,SPCT3,1,CULTURE,GNLF,GN,,
33671,5,02/20/2021,,,,,03/15/2021,,,,,,,,REMAST,SPECT5
33671,5,02/20/2021,36,03/28/2021,HOSPM,LF,03/28/2021,MAST,SPCT3LF,SPCT3,1,CULTURE,GPLF,GP,,
33671,5,02/20/2021,,,,,03/31/2021,,,,,,,,REMAST,SPECT5LF
33739,5,02/06/2021,25,03/03/2021,HOSPM,RR,03/03/2021,MAST,SPCT3RR,SPCT3,1,CULTURE,GPRR,GP,,
33876,5,01/15/2021,66,03/22/2021,HOSPM,RF,03/22/2021,,,,,CULTURE,GPRF,GP,,
33876,5,01/15/2021,,,,,03/23/2021,MAST,SPCT3RF,SPCT3,1,,,,,
33893,5,09/11/2020,158,02/16/2021,HOSPM,RF,02/16/2021,MAST,SPCT3RF,SPCT3,1,CULTURE,GPRF,GP,,
33902,4,02/22/2020,409,04/06/2021,HOSPM,LR,04/06/2021,MAST,SP5,SP5,1,CULTURE,GNLR,GN,,
33919,5,01/03/2021,38,02/10/2021,HOSPM,RR,02/10/2021,MAST,SPCT3RR,SPCT3,1,CULTURE,GPRR,GP,,
33919,5,01/03/2021,,,,,02/13/2021,,,,,,,,REMAST,SPECT5RR
33950,5,10/17/2020,135,03/01/2021,HOSPM,RR,03/01/2021,MAST,NOTXTO,NOTXT,0,CULTURE,NGRR,NG,,
34172,5,08/26/2020,147,01/20/2021,HOSPM,LF,01/20/2021,MAST,SPCT3LF,SPCT3,1,CULTURE,GNLF,GN,,
34368,5,02/08/2021,50,03/30/2021,HOSPM,LR,03/30/2021,,,,,,,,,
34394,5,07/20/2020,246,03/23/2021,HOSPM,LR,03/23/2021,MAST,NOTXTOLR,NOTXT,0,CULTURE,NGLR,NG,,
34409,5,12/10/2020,29,01/08/2021,HOSPM,LF,01/08/2021,MAST,SPCT3LF,SPCT3,1,CULTURE,GPLF,GP,,
34409,5,12/10/2020,82,03/02/2021,HOSPM,LF,03/02/2021,MAST,NOTXTO,NOTXT,0,CULTURE,NGLF,NG,,
34493,5,07/13/2020,222,02/20/2021,HOSPM,LR,02/20/2021,MAST,NOTXTOLR,NOTXT,0,CULTURE,NGLR,NG,,
34493,5,07/13/2020,225,02/23/2021,HOSPM,LF,02/23/2021,,,,,CULTURE,GNLF,GN,,
34493,5,07/13/2020,,,,,02/26/2021,,,,,,,,REMAST,SPECT5LF
34510,5,09/02/2020,183,03/04/2021,HOSPM,RR,03/04/2021,MAST,SPCT3RR,SPCT3,1,CULTURE,GPRR,GP,,
34715,5,07/06/2020,222,02/13/2021,HOSPM,RR,02/13/2021,MAST,SPCT3RR,SPCT3,1,CULTURE,GNRR,GN,,
34715,5,07/06/2020,261,03/24/2021,HOSPM,RR,03/24/2021,MAST,NOTXTORR,NOTXT,0,CULTURE,NGRR,NG,,
34715,5,07/06/2020,272,04/04/2021,HOSPM,RR,04/04/2021,MAST,SPCT3RR,SPCT3,1,CULTURE,GNRR,GN,,
34717,5,10/04/2020,177,03/30/2021,HOSPM,RF,03/30/2021,MAST,SPCT3RF,SPCT3,1,CULTURE,GPRF,GP,,
34786,5,09/12/2020,128,01/18/2021,HOSPM,RF,01/18/2021,MAST,SPCT3RF,SPCT3,1,CULTURE,GPRF,GP,,
34786,5,09/12/2020,,,,,01/21/2021,,,,,,,,REMAST,SPECT5RF
34791,5,10/05/2020,94,01/07/2021,HOSPM,LF,01/07/2021,MAST,NOTXTOLF,NOTXT,0,CULTURE,NGLF,NG,,
34794,4,07/04/2020,229,02/18/2021,HOSPM,LR,02/18/2021,MAST,NOTXTO,NOTXT,0,CULTURE,NGLR,NG,,
34833,5,12/21/2020,57,02/16/2021,HOSPM,LF,02/16/2021,MAST,NOTXTOLF,NOTXT,0,CULTURE,NGLF,NG,,
34833,5,12/21/2020,82,03/13/2021,HOSPM,RF,03/13/2021,MAST,NOTXTORF,NOTXT,0,CULTURE,NGRF,NG,,
34833,5,12/21/2020,98,03/29/2021,HOSPM,RF,03/29/2021,MAST,SPCT3RF,SPCT3,1,CULTURE,GPRF,GP,,
34958,5,07/03/2020,250,03/10/2021,HOSPM,LF,03/10/2021,MAST,NOTXTO,NOTXT,0,CULTURE,NG,NG,,
35031,5,08/16/2020,222,03/26/2021,HOSPM,RR,03/26/2021,,,,,CULTURE,NGRR,NG,,
35046,5,12/10/2020,93,03/13/2021,HOSPM,RR,03/13/2021,MAST,SPCT3RR,SPCT3,1,CULTURE,GNRR,GN,,
35046,5,12/10/2020,,,,,03/16/2021,,,,,,,,REMAST,SPECT5RR
35056,5,08/11/2020,175,02/02/2021,HOSPM,RR,02/02/2021,MAST,NOTXTO,NOTXT,0,CULTURE,NGRR,NG,,
35056,5,08/11/2020,203,03/02/2021,HOSPM,RR,03/02/2021,MAST,NOTXTO,NOTXT,0,CULTURE,NGRR,NG,,
35085,5,01/07/2021,62,03/10/2021,HOSPM,LF,03/10/2021,MAST,SPCT3LF,SPCT3,1,CULTURE,GNLF,GN,,
35144,5,09/04/2020,202,03/25/2021,HOSPM,LF,03/25/2021,MAST,SPCT3LF,SPCT3,1,CULTURE,GPLF,GP,,
35160,5,12/20/2020,103,04/02/2021,HOSPM,LF,04/02/2021,MAST,SPCT3LF,SPCT3,1,CULTURE,GPLF,GP,,
35161,5,10/15/2020,85,01/08/2021,HOSPM,LR,01/08/2021,MAST,SPCT3LR,SPCT3,1,CULTURE,MXLR,MX,,
35161,5,10/15/2020,,,,,01/11/2021,,,,,,,,REMAST,SPECT5LR
35161,5,10/15/2020,140,03/04/2021,HOSPM,RF,03/04/2021,MAST,SPCT3RF,SPCT3,1,CULTURE,GPRF,GP,,
35180,4,07/22/2020,249,03/28/2021,HOSPM,LR,03/28/2021,MAST,SPCT3LR,SPCT3,1,CULTURE,GNLR,GN,,
35215,5,12/18/2020,72,02/28/2021,HOSPM,LR,02/28/2021,MAST,SPCT3LR,SPCT3,1,CULTURE,GPLR,GP,,
35215,5,12/18/2020,99,03/27/2021,HOSPM,LR,03/27/2021,MAST,SPCT3LR,SPCT3,1,CULTURE,MXLR,MX,,
35228,4,09/11/2020,151,02/09/2021,HOSPM,LF,02/09/2021,MAST,SPCT3LF,SPCT3,1,CULTURE,GPLF,GP,,
35228,4,09/11/2020,158,02/16/2021,HOSPM,LF,02/16/2021,,,,,CULTURE,NGLF,NG,,
35257,5,07/27/2020,169,01/12/2021,HOSPM,LF,01/12/2021,MAST,NOTXTOLF,NOTXT,0,CULTURE,NGLF,NG,,
35316,5,11/10/2020,58,01/07/2021,HOSPM,RF,01/07/2021,MAST,SPCT3RF,SPCT3,1,CULTURE,GPRF,GP,,
35316,5,11/10/2020,,,,,01/11/2021,,,,,,,,REMAST,SPECT5RF
35316,5,11/10/2020,117,03/07/2021,HOSPM,LF,03/07/2021,MAST,SPCT3LF,SPCT3,1,CULTURE,MXLF,MX,,
35351,4,07/15/2020,198,01/29/2021,HOSPM,LF,01/29/2021,MAST,SPCT3LF,SPCT3,1,CULTURE,MXLR,MX,,
35351,4,07/15/2020,,,,,02/01/2021,,,,,,,,REMAST,SPECT5LF
35351,4,07/15/2020,209,02/09/2021,HOSPM,LF,02/09/2021,MAST,NOTXTOLF,NOTXT,0,CULTURE,NGLF,NG,,
35398,5,12/11/2020,74,02/23/2021,HOSPM,LR,02/23/2021,MAST,SPCT3LR,SPCT3,1,CULTURE,GPLR,GP,,
35429,5,10/14/2020,87,01/09/2021,HOSPM,LF,01/09/2021,,,,,CULTURE,GPLF,GP,,
35601,4,02/10/2020,327,01/02/2021,HOSPM,LF,01/02/2021,MAST,SPCT3LF,SPCT3,1,CULTURE,GPLF,GP,,
35601,4,02/10/2020,352,01/27/2021,HOSPM,LF,01/27/2021,MAST,SPCT3LF,SPCT3,1,CULTURE,GPLF,GP,,
35662,5,12/26/2020,54,02/18/2021,HOSPM,RR,02/18/2021,MAST,NOTXTO,NOTXT,0,CULTURE,NGRR,NG,,
35662,5,12/26/2020,,,,,03/08/2021,MAST,NOTXTO,NOTXT,0,CULTURE,NG,NG,,
35662,5,12/26/2020,73,03/09/2021,HOSPM,BLOOD,03/09/2021,,,,,,,,,
35808,5,01/19/2021,14,02/02/2021,HOSPM,LR,02/02/2021,MAST,NOTXTO,NOTXT,0,CULTURE,NGLR,NG,,
35808,5,01/19/2021,,,,,02/05/2021,,,,,,,,REMAST,SPECT5LR
35847,5,10/20/2020,130,02/27/2021,HOSPM,LR,02/27/2021,MAST,NOTXTOLR,NOTXT,0,CULTURE,NGLR,NG,,
36138,4,04/15/2020,324,03/05/2021,HOSPM,LR,03/05/2021,MAST,NOTXTOLR,NOTXT,0,CULTURE,NGLR,NG,,
36168,5,11/22/2020,110,03/12/2021,HOSPM,RF,03/12/2021,MAST,SPCT3RF,SPCT3,1,CULTURE,GNRF,GN,,
36168,5,11/22/2020,,,,,03/15/2021,,,,,,,,REMAST,SPECT5RF
36168,5,11/22/2020,119,03/21/2021,HOSPM,RF,03/21/2021,,,,,CULTURE,NGRF,NG,,
36302,4,05/20/2020,261,02/05/2021,HOSPM,RR,02/05/2021,,,,,,,,,
36360,4,12/12/2020,97,03/19/2021,HOSPM,LF,03/19/2021,MAST,SPCT3LF,SPCT3,1,CULTURE,GNLF,GN,,
36360,4,12/12/2020,,,,,03/23/2021,,,,,,,,REMAST,SPECT5LF
36360,4,12/12/2020,109,03/31/2021,HOSPM,LR,03/31/2021,MAST,NOTXTO,NOTXT,0,CULTURE,NGLR,NG,,
36364,5,03/24/2021,1,03/25/2021,HOSPM,LF,03/25/2021,MAST,SPCT3LF,SPCT3,1,CULTURE,GPLF,GP,,
36407,4,08/21/2020,174,02/11/2021,HOSPM,LF,02/11/2021,MAST,SPCT3LF,SPCT3,1,CULTURE,GPLF,GP,,
36426,4,10/05/2020,150,03/04/2021,HOSPM,RF,03/04/2021,MAST,SPCT3RF,SPCT3,1,CULTURE,GNRF,GN,,
36426,4,10/05/2020,,,,,03/07/2021,,,,,,,,REMAST,SPECT5RF
36461,4,08/04/2020,169,01/20/2021,HOSPM,RF,01/20/2021,MAST,SPCT3RF,SPCT3,1,CULTURE,GNRF,GN,,
36461,4,08/04/2020,177,01/28/2021,HOSPM,RECULTUR,01/28/2021,,,,,CULTURE,NG,NG,,
36464,4,07/21/2020,176,01/13/2021,HOSPM,LR,01/13/2021,MAST,NOTXTO,NOTXT,0,CULTURE,NGLR,NG,,
36467,5,12/18/2020,77,03/05/2021,HOSPM,LF,03/05/2021,MAST,NOTXTOLR,NOTXT,0,CULTURE,NGLR,NG,,
36528,4,11/06/2020,128,03/14/2021,HOSPM,LR,03/14/2021,MAST,SPCT3LR,SPCT3,1,CULTURE,GNLR,GN,,
36528,4,11/06/2020,142,03/28/2021,HOSPM,LF,03/28/2021,MAST,NOTXTO,NOTXT,0,CULTURE,NG,NG,,
36596,4,10/18/2020,82,01/08/2021,HOSPM,RF,01/08/2021,MAST,SPCT3RF,SPCT3,1,CULTURE,MXRF,MX,,
36596,4,10/18/2020,,,,,01/11/2021,,,,,,,,REMAST,SPECT5RF
36598,4,09/16/2020,113,01/07/2021,HOSPM,RF,01/07/2021,,,,,CULTURE,GPRF,GP,,
36600,4,07/06/2020,271,04/03/2021,HOSPM,LF,04/03/2021,MAST,SPCT3LF,SPCT3,1,CULTURE,GPLF,GP,,
36624,4,07/08/2020,202,01/26/2021,HOSPM,RF,01/26/2021,MAST,NOTXTO,NOTXT,0,CULTURE,NG,NG,,
36629,4,09/09/2020,157,02/13/2021,HOSPM,RF,02/13/2021,MAST,SPCT3,SPCT3,1,CULTURE,GNRF,GN,,
36634,4,08/21/2020,147,01/15/2021,HOSPM,RF,01/15/2021,MAST,SPCT3RF,SPCT3,1,CULTURE,GNRF,GN,,
36634,4,08/21/2020,,,,,01/18/2021,,,,,,,,REMAST,SPECT5RF
36634,4,08/21/2020,153,01/21/2021,HOSPM,RF,01/21/2021,,,,,CULTURE,NGRF,NG,,
36730,4,09/08/2020,162,02/17/2021,HOSPM,LF,02/17/2021,MAST,SPCT3LF,SPCT3,1,CULTURE,MXLF,MX,,
36730,4,09/08/2020,,,,,02/20/2021,,,,,,,,REMAST,SPECT5LF
36733,4,12/21/2020,37,01/27/2021,HOSPM,LF,01/27/2021,MAST,NOTXTOLF,NOTXT,0,CULTURE,NGLF,NG,,
36799,4,10/18/2020,124,02/19/2021,HOSPM,LR,02/19/2021,MAST,NOTXTOLR,NOTXT,0,CULTURE,NGLR,NG,,
36812,3,02/15/2020,,,,,03/08/2021,MAST,NOTXTO,NOTXT,0,CULTURE,NGLF,NG,,
36812,3,02/15/2020,388,03/09/2021,HOSPM,LF,03/09/2021,,,,,,,,,
36826,4,07/27/2020,190,02/02/2021,HOSPM,RF,02/02/2021,MAST,NOTXTO,NOTXT,0,CULTURE,NGRF,NG,,
36843,4,10/20/2020,142,03/11/2021,HOSPM,RR,03/11/2021,MAST,SPCT3RR,SPCT3,1,CULTURE,GPRR,GP,,
36852,4,10/08/2020,170,03/27/2021,HOSPM,LR,03/27/2021,MAST,SPCT3LR,SPCT3,1,CULTURE,GNLR,GN,,
36875,4,08/17/2020,170,02/03/2021,HOSPM,RR,02/03/2021,MAST,NOTXTO,NOTXT,0,CULTURE,NG,NG,,
36875,4,08/17/2020,,,,,02/12/2021,,,,,,,,REMAST,SPECT5RR
36915,4,09/21/2020,109,01/08/2021,HOSPM,RF,01/08/2021,MAST,SPCT3RF,SPCT3,1,CULTURE,GPRF,GP,,
36916,4,08/12/2020,154,01/13/2021,HOSPM,BLOOD,01/13/2021,MAST,NOTXTO,NOTXT,0,CULTURE,NG,NG,,
37018,4,01/23/2021,51,03/15/2021,HOSPM,LR,03/15/2021,MAST,NOTXTOLR,NOTXT,0,CULTURE,NGLR,NG,,
37091,4,12/18/2020,18,01/05/2021,HOSPM,RF,01/05/2021,MAST,SPCT3RF,SPCT3,1,CULTURE,GPRF,GP,,
37091,4,12/18/2020,,,,,01/08/2021,,,,,,,,REMAST,SPECT5RF
37091,4,12/18/2020,69,02/25/2021,HOSPM,RF,02/25/2021,MAST,SPCT3RF,SPCT3,1,CULTURE,GPRF,GP,,
37091,4,12/18/2020,,,,,02/28/2021,,,,,,,,REMAST,SPECT5RF
37094,4,06/24/2020,217,01/27/2021,HOSPM,LF,01/27/2021,MAST,SPCT3LF,SPCT3,1,CULTURE,GPLF,GP,,
37172,4,05/20/2020,246,01/21/2021,HOSPM,LR,01/21/2021,MAST,SPCT3LR,SPCT3,1,CULTURE,GPLR,GP,,
37172,4,05/20/2020,,,,,01/24/2021,,,,,,,,REMAST,SPECT5LR
37184,4,09/16/2020,178,03/13/2021,HOSPM,RF,03/13/2021,MAST,SPCT3RF,SPCT3,1,CULTURE,GPRF,GP,,
37187,4,08/18/2020,155,01/20/2021,HOSPM,RF,01/20/2021,MAST,SPCT3RF,SPCT3,1,CULTURE,GPRF,GP,,
37187,4,08/18/2020,182,02/16/2021,HOSPM,RF,02/16/2021,,,,,CULTURE,GPRF,GP,,
37187,4,08/18/2020,,,,,02/17/2021,MAST,SPCT3RF,SPCT3,1,,,,,
37187,4,08/18/2020,196,03/02/2021,HOSPM,RF,03/02/2021,MAST,SPCT3RF,SPCT3,1,CULTURE,GPRF,GP,,
37187,4,08/18/2020,231,04/06/2021,HOSPM,LR,04/06/2021,MAST,NOTXTOLR,NOTXT,0,CULTURE,NGLR,NG,,
37216,4,08/02/2020,200,02/18/2021,HOSPM,LR,02/18/2021,MAST,NOTXTO,NOTXT,0,CULTURE,NGLR,NG,,
37216,4,08/02/2020,223,03/13/2021,HOSPM,RR,03/13/2021,MAST,NOTXTORR,NOTXT,0,CULTURE,NGRR,NG,,
37221,4,07/10/2020,255,03/22/2021,HOSPM,RR,03/22/2021,MAST,NOTXTO,NOTXT,0,CULTURE,NGRR,NG,,
37320,4,09/01/2020,138,01/17/2021,HOSPM,LF,01/17/2021,,,,,CULTURE,GPLF,GP,,
37320,4,09/01/2020,,,,,01/18/2021,MAST,SPCT3LF,SPCT3,1,,,,,
37320,4,09/01/2020,144,01/23/2021,HOSPM,RF,01/23/2021,,,,,CULTURE,NGRF,NG,,
37322,4,11/23/2020,100,03/03/2021,HOSPM,RF,03/03/2021,MAST,SPCT3RF,SPCT3,1,CULTURE,GNRF,GN,,
37322,4,11/23/2020,,,,,03/04/2021,,,,,CULTURE,MXRF,MX,,
37322,4,11/23/2020,,,,,03/06/2021,,,,,,,,REMAST,SPECT5RF
37350,4,09/25/2020,144,02/16/2021,HOSPM,LF,02/16/2021,MAST,SPCT3LF,SPCT3,1,CULTURE,GPLF,GP,,
37350,4,09/25/2020,,,,,02/19/2021,,,,,,,,REMAST,SPECT5LF
37376,4,07/31/2020,162,01/09/2021,HOSPM,LF,01/09/2021,MAST,SPCT3LF,SPCT3,1,CULTURE,GPLF,GP,,
37376,4,07/31/2020,191,02/07/2021,HOSPM,LF,02/07/2021,,,,,CULTURE,GPLF,GP,,
37403,4,08/20/2020,147,01/14/2021,HOSPM,RR,01/14/2021,MAST,NOTXTO,NOTXT,0,CULTURE,NG,NG,,
37403,4,08/20/2020,157,01/24/2021,HOSPM,RR,01/24/2021,MAST,SPCT3RR,SPCT3,1,CULTURE,GPRR,GP,,
37403,4,08/20/2020,,,,,01/27/2021,,,,,,,,REMAST,SPECT5RR
37403,4,08/20/2020,194,03/02/2021,HOSPM,RR,03/02/2021,MAST,NOTXTO,NOTXT,0,CULTURE,NGRR,NG,,
37412,3,02/27/2020,360,02/21/2021,HOSPM,LF,02/21/2021,MAST,SPCT3LF,SPCT3,1,CULTURE,GPLF,GP,,
37417,4,09/21/2020,127,01/26/2021,HOSPM,LF,01/26/2021,MAST,SPCT3LF,SPCT3,1,CULTURE,GPLF.,GP,,
37429,4,09/29/2020,135,02/11/2021,HOSPM,RR,02/11/2021,MAST,NOTXTORR,NOTXT,0,CULTURE,NGRR,NG,,
37432,4,12/26/2020,21,01/16/2021,HOSPM,LF,01/16/2021,MAST,NOTXTOLF,NOTXT,0,CULTURE,NGLF,NG,,
37527,4,10/06/2020,120,02/03/2021,HOSPM,LF,02/03/2021,MAST,NOTXTO,NOTXT,0,CULTURE,NGLF,NG,,
37634,4,03/04/2021,15,03/19/2021,HOSPM,LF,03/19/2021,MAST,NOTXTORF,NOTXT,0,CULTURE,NGRF,NG,,
37647,4,09/24/2020,106,01/08/2021,HOSPM,LF,01/08/2021,MAST,SPCT3LF,SPCT3,1,CULTURE,GPLF,GP,,
37647,4,09/24/2020,,,,,01/11/2021,,,,,,,,REMAST,SPECT5LF
37647,4,09/24/2020,191,04/03/2021,HOSPM,LF,04/03/2021,MAST,NOTXTOLF,NOTXT,0,CULTURE,NGLF,NG,,
37648,4,12/18/2020,78,03/06/2021,HOSPM,RF,03/06/2021,MAST,SPCT3RF,SPCT3,1,CULTURE,GNRF,GN,,
37648,4,12/18/2020,,,,,03/09/2021,,,,,,,,REMAST,SPECT5RF
37648,4,12/18/2020,99,03/27/2021,HOSPM,LR,03/27/2021,MAST,SPCT3LR,SPCT3,1,CULTURE,GPLR,GP,,
37693,4,07/27/2020,180,01/23/2021,HOSPM,LF,01/23/2021,MAST,NOTXTOLF,NOTXT,0,CULTURE,NGLF,NG,,
37693,4,07/27/2020,219,03/03/2021,HOSPM,LF,03/03/2021,MAST,SPCT3LF,SPCT3,1,CULTURE,GPLF,GP,,
37696,4,01/24/2021,30,02/23/2021,HOSPM,LF,02/23/2021,,,,,CULTURE,NGLF,NG,,
37696,4,01/24/2021,59,03/24/2021,HOSPM,RR,03/24/2021,MAST,SPCT3RR,SPCT3,1,CULTURE,GNRR,GN,,
37711,4,02/23/2021,42,04/06/2021,HOSPM,LR,04/06/2021,,,,,CULTURE,GPLR,GP,,
37758,4,10/22/2020,91,01/21/2021,HOSPM,LR,01/21/2021,MAST,SPCT3LR,SPCT3,1,CULTURE,GPLR,GP,,
37758,4,10/22/2020,,,,,01/24/2021,,,,,,,,REMAST,SPECT5LR
37769,4,12/23/2020,90,03/23/2021,HOSPM,RF,03/23/2021,MAST,NOTXTORF,NOTXT,0,CULTURE,NGRF,NG,,
37818,4,09/26/2020,157,03/02/2021,HOSPM,LF,03/02/2021,MAST,SPCT3LF,SPCT3,1,CULTURE,GPLF,GP,,
37818,4,09/26/2020,,,,,03/05/2021,,,,,,,,REMAST,SPECT5LF
37846,4,08/19/2020,181,02/16/2021,HOSPM,LR,02/16/2021,MAST,NOTXTOLR,NOTXT,0,CULTURE,NGLR,NG,,
37846,4,08/19/2020,,,,,03/10/2021,MAST,SPECT3LR,SPECT,1,,,,,
37925,4,01/30/2021,21,02/20/2021,HOSPM,LR,02/20/2021,MAST,SPCT3LR,SPCT3,1,CULTURE,GPLR,GP,,
37941,3,04/03/2020,362,03/31/2021,HOSPM,LR,03/31/2021,,,,,CULTURE,NGLR,NG,,
37969,3,02/16/2020,372,02/22/2021,HOSPM,LF,02/22/2021,,,,,CULTURE,MXLF,MX,,
37976,4,12/27/2020,87,03/24/2021,HOSPM,BLOOD,03/24/2021,,,,,,,,,
38000,4,08/17/2020,162,01/26/2021,HOSPM,RF,01/26/2021,MAST,NOTXTO,NOTXT,0,CULTURE,NG,NG,,
38000,4,08/17/2020,191,02/24/2021,HOSPM,RF,02/24/2021,MAST,SPCT3RF,SPCT3,1,CULTURE,GPRF,GP,,
38000,4,08/17/2020,,,,,03/21/2021,MAST,SPCT3RF,SPCT3,1,CULTURE,GPRF,GP,,
38000,4,08/17/2020,217,03/22/2021,HOSPM,RF,03/22/2021,,,,,,,,,
38008,4,08/12/2020,182,02/10/2021,HOSPM,RR,02/10/2021,MAST,SPCT3RR,SPCT3,1,CULTURE,GPRR,GP,,
38067,4,11/22/2020,115,03/17/2021,HOSPM,RR,03/17/2021,,,,,,,,,
38073,4,07/06/2020,220,02/11/2021,HOSPM,RR,02/11/2021,MAST,NOTXTORR,NOTXT,0,CULTURE,NGRR,NG,,
38073,4,07/06/2020,244,03/07/2021,HOSPM,LR,03/07/2021,MAST,NOTXTO,NOTXT,0,CULTURE,NGLR,NG,,
38073,4,07/06/2020,269,04/01/2021,HOSPM,LR,04/01/2021,MAST,SPCT3LR,SPCT3,1,CULTURE,GNLR,GN,,
38081,4,08/24/2020,134,01/05/2021,HOSPM,RF,01/05/2021,,,,,CULTURE,NGRF,NG,,
38081,4,08/24/2020,136,01/07/2021,HOSPM,RF,01/07/2021,,,,,CULTURE,NGRF,NG,,
38086,3,09/10/2020,138,01/26/2021,HOSPM,RR,01/26/2021,MAST,NOTXTO,NOTXT,0,CULTURE,NG,NG,,
38086,3,09/10/2020,158,02/15/2021,HOSPM,LR,02/15/2021,MAST,SPCT3LR,SPCT3,1,CULTURE,GPLR,GP,,
38086,3,09/10/2020,,,,,02/18/2021,,,,,,,,REMAST,SPECT5LF
38092,4,11/18/2020,94,02/20/2021,HOSPM,LF,02/20/2021,,,,,CULTURE,MXLF,MX,,
38156,4,09/26/2020,160,03/05/2021,HOSPM,LF,03/05/2021,MAST,SPCT3RR,SPCT3,1,CULTURE,MXLF,MX,,
38203,4,08/16/2020,223,03/27/2021,HOSPM,LF,03/27/2021,MAST,NOTXTOLF,NOTXT,0,CULTURE,NGLF,NG,,
38215,4,02/13/2021,,,,,03/08/2021,,,,,CULTURE,GPRR,GP,,
38215,4,02/13/2021,24,03/09/2021,HOSPM,RR,03/09/2021,MAST,SPCT3RR,SPCT3,1,,,,,
38215,4,02/13/2021,,,,,03/12/2021,,,,,,,,REMAST,SPECT5RR
38215,4,02/13/2021,38,03/23/2021,HOSPM,RR,03/23/2021,MAST,SPCT3RR,SPCT3,1,CULTURE,GPRR,GP,,
38215,4,02/13/2021,,,,,03/26/2021,,,,,,,,REMAST,SPECT5RR
38215,4,02/13/2021,47,04/01/2021,HOSPM,RR,04/01/2021,,,,,CULTURE,NGRR,NG,,
38223,4,08/25/2020,162,02/03/2021,HOSPM,LR,02/03/2021,MAST,NOTXTO,NOTXT,0,CULTURE,NGLR,NG,,
38223,4,08/25/2020,186,02/27/2021,HOSPM,RF,02/27/2021,MAST,SPCT3RF,SPCT3,1,CULTURE,GPRF,GP,,
38223,4,08/25/2020,,,,,03/02/2021,,,,,,,,REMAST,SPECT5RF
38230,4,11/25/2020,78,02/11/2021,HOSPM,RR,02/11/2021,MAST,SPCT3RR,SPCT3,1,CULTURE,GNRR,GN,,
38231,4,11/28/2020,66,02/02/2021,HOSPM,RR,02/02/2021,MAST,SPCT3RR,SPCT3,1,CULTURE,GNRR,GN,,
38250,4,12/09/2020,100,03/19/2021,HOSPM,LR,03/19/2021,MAST,SPCT3LR,SPCT3,1,CULTURE,GNLR,GN,,
38258,3,06/13/2020,232,01/31/2021,HOSPM,LRLF,01/31/2021,,,,,CULTURE,GPLRL,GP,,
38259,4,02/23/2021,36,03/31/2021,HOSPM,LF,03/31/2021,,,,,CULTURE,GNLF,GN,,
38300,4,11/13/2020,51,01/03/2021,HOSPM,RF,01/03/2021,MAST,SPCT3RR,SPCT3,1,CULTURE,GPRR,GP,,
38301,4,01/14/2021,23,02/06/2021,HOSPM,LF,02/06/2021,MAST,SPCT3LF,SPCT3,1,CULTURE,GPLF,GP,,
38301,4,01/14/2021,32,02/15/2021,HOSPM,LF,02/15/2021,,,,,CULTURE,GPLF,GP,,
38338,4,03/06/2021,26,04/01/2021,HOSPM,RF,04/01/2021,MAST,NOTXTORF,NOTXT,0,CULTURE,NGRF,NG,,
38350,3,06/18/2020,232,02/05/2021,HOSPM,LR,02/05/2021,MAST,SPCT3LR,SPCT3,1,CULTURE,MXLR,MX,,
38379,4,12/29/2020,63,03/02/2021,HOSPM,RR,03/02/2021,MAST,NOTXTO,NOTXT,0,CULTURE,NGRR,NG,,
38379,4,12/29/2020,71,03/10/2021,HOSPM,RF,03/10/2021,,,,,CULTURE,NG,NG,,
38384,3,08/10/2020,171,01/28/2021,HOSPM,RR,01/28/2021,MAST,SPCT3RR,SPCT3,1,CULTURE,GNRR,GN,,
38402,3,06/11/2020,239,02/05/2021,HOSPM,RF,02/05/2021,MAST,SPCT3RF,SPCT3,1,CULTURE,GPRF,GP,,
38402,3,06/11/2020,253,02/19/2021,HOSPM,LF,02/19/2021,MAST,SPCT3LF,SPCT3,1,CULTURE,GNLF,GN,,
38424,4,10/10/2020,123,02/10/2021,HOSPM,RF,02/10/2021,,,,,CULTURE,GNRF,GN,,
38434,4,11/09/2020,99,02/16/2021,HOSPM,LR,02/16/2021,MAST,SPCT3LR,SPCT3,1,CULTURE,GPLR,GP,,
38439,4,12/23/2020,13,01/05/2021,HOSPM,RR,01/05/2021,MAST,SPCT3RR,SPCT3,1,CULTURE,GPRR,GP,,
38439,4,12/23/2020,,,,,01/08/2021,,,,,,,,REMAST,SPECT5RR
38439,4,12/23/2020,21,01/13/2021,HOSPM,RECULTUR,01/13/2021,,,,,CULTURE,NG,NG,,
38439,4,12/23/2020,69,03/02/2021,HOSPM,RR,03/02/2021,MAST,NOTXTO,NOTXT,0,CULTURE,NGRR,NG,,
38439,4,12/23/2020,77,03/10/2021,HOSPM,LR,03/10/2021,,,,,CULTURE,GPLR,GP,,
38439,4,12/23/2020,90,03/23/2021,HOSPM,LR,03/23/2021,MAST,SPCT3LR,SPCT3,1,CULTURE,GPLR,GP,,
38439,4,12/23/2020,,,,,03/26/2021,,,,,,,,REMAST,SPECT5LR
38439,4,12/23/2020,99,04/01/2021,HOSPM,RR,04/01/2021,,,,,,,,,
38458,3,09/02/2020,150,01/30/2021,HOSPM,LF,01/30/2021,MAST,SPCT3LF,SPCT3,1,CULTURE,GPLF,GP,,
38458,3,09/02/2020,162,02/11/2021,HOSPM,LF,02/11/2021,MAST,SPCT3LF,SPCT3,1,CULTURE,GPLF,GP,,
38458,3,09/02/2020,183,03/04/2021,HOSPM,LF,03/04/2021,MAST,SPCT3LF,SPCT3,1,CULTURE,GPLF,GP,,
38459,4,01/17/2021,54,03/12/2021,HOSPM,RF,03/12/2021,MAST,SPCT3RF,SPCT3,1,CULTURE,GNRF,GN,,
38488,4,12/02/2020,116,03/28/2021,HOSPM,LF,03/28/2021,MAST,SPCT3LF,SPCT3,1,CULTURE,GPLF,GP,,
38506,4,12/13/2020,46,01/28/2021,HOSPM,RF,01/28/2021,MAST,NOTXTORF,NOTXT,0,CULTURE,NGRF,NG,,
38506,4,12/13/2020,81,03/04/2021,HOSPM,RF,03/04/2021,,,,,,,,,
38521,3,04/03/2020,363,04/01/2021,HOSPM,RR,04/01/2021,MAST,SPCT3RR,SPCT3,1,CULTURE,GPRR,GP,,
38535,3,08/23/2020,,,,,01/10/2021,MAST,SPECT3LF,SPECT,1,,,,,
38535,3,08/23/2020,,,,,01/13/2021,,,,,,,,REMAST,SPECT5LF
38535,3,08/23/2020,149,01/19/2021,HOSPM,LF,01/19/2021,,,,,CULTURE,GPLF,GP,,
38535,3,08/23/2020,,,,,01/22/2021,,,,,,,,REMAST,SPECT5LF
38535,3,08/23/2020,196,03/07/2021,HOSPM,LF,03/07/2021,MAST,NOTXTO,NOTXT,0,CULTURE,NGLF,NG,,
38535,3,08/23/2020,221,04/01/2021,HOSPM,LF,04/01/2021,MAST,NOTXTOLF,NOTXT,0,CULTURE,NGLF,NG,,
38551,4,10/24/2020,105,02/06/2021,HOSPM,RF,02/06/2021,MAST,SPCT3RF,SPCT3,1,CULTURE,GNRF,GN,,
38564,4,12/15/2020,39,01/23/2021,HOSPM,RF,01/23/2021,MAST,SPCT3RF,SPCT3,1,CULTURE,MXRF,MX,,
38564,4,12/15/2020,,,,,01/26/2021,,,,,,,,REMAST,SPECT5RF
38580,3,06/15/2020,211,01/12/2021,HOSPM,RF,01/12/2021,MAST,SPCT3RF,SPCT3,1,CULTURE,GPRF,GP,,
38580,3,06/15/2020,246,02/16/2021,HOSPM,RF,02/16/2021,MAST,SPCT3RF,SPCT3,1,CULTURE,GPRF,GP,,
38663,4,11/22/2020,92,02/22/2021,HOSPM,RF,02/22/2021,MAST,SPCT3RF,SPCT3,1,CULTURE,GPRF,GP,,
38687,4,12/26/2020,12,01/07/2021,HOSPM,LR,01/07/2021,MAST,SPCT3LR,SPCT3,1,CULTURE,GPLR,GP,,
38755,3,04/28/2020,265,01/18/2021,HOSPM,RF,01/18/2021,,,,,CULTURE,GPRF.,GP,,
38759,3,08/25/2020,135,01/07/2021,HOSPM,LF,01/07/2021,MAST,SPCT3LF,SPCT3,1,CULTURE,GPLF,GP,,
38848,3,06/02/2020,237,01/25/2021,HOSPM,LF,01/25/2021,MAST,NOTXTOLF,NOTXT,0,CULTURE,NGLF,NG,,
38850,3,12/16/2020,57,02/11/2021,HOSPM,LR,02/11/2021,MAST,NOTXTOLR,NOTXT,0,CULTURE,NGLR,NG,,
38850,3,12/16/2020,71,02/25/2021,HOSPM,LR,02/25/2021,MAST,SPCT3LR,SPCT3,1,CULTURE,GPLR,GP,,
38850,3,12/16/2020,80,03/06/2021,HOSPM,RF,03/06/2021,,,,,CULTURE,GPRF,GP,,
38850,3,12/16/2020,89,03/15/2021,HOSPM,LR,03/15/2021,,,,,CULTURE,GPLR,GP,,
38850,3,12/16/2020,108,04/03/2021,HOSPM,LR,04/03/2021,MAST,SPCT3LR,SPCT3,1,CULTURE,GPLR,GP,,
38862,4,03/16/2021,14,03/30/2021,HOSPM,LF,03/30/2021,MAST,SPCT3LF,SPCT3,1,CULTURE,GNLF,GN,,
38862,4,03/16/2021,,,,,04/02/2021,,,,,,,,REMAST,SPECT5
38903,3,07/26/2020,219,03/02/2021,HOSPM,BLOOD,03/02/2021,,,,,,,,,
38953,3,08/17/2020,144,01/08/2021,HOSPM,RR,01/08/2021,MAST,NOTXTORR,NOTXT,0,CULTURE,NGRR,NG,,
38984,3,07/16/2020,187,01/19/2021,HOSPM,RF,01/19/2021,,,,,CULTURE,GPRF,GP,,
38984,3,07/16/2020,,,,,01/20/2021,MAST,SPCT3RF,SPCT3,1,,,,,
39062,4,01/29/2021,31,03/01/2021,HOSPM,RF,03/01/2021,MAST,SPCT3RF,SPCT3,1,CULTURE,GPRF,GP,,
39074,3,09/13/2020,117,01/08/2021,HOSPM,LR,01/08/2021,MAST,SPCT3LR,SPCT3,1,CULTURE,GPLR,GP,,
39074,3,09/13/2020,,,,,01/11/2021,,,,,,,,REMAST,SPECT5LR
39081,3,06/22/2020,204,01/12/2021,HOSPM,RF,01/12/2021,MAST,SPCT3RF,SPCT3,1,CULTURE,GPRF,GP,,
39086,3,08/24/2020,182,02/22/2021,HOSPM,LF,02/22/2021,MAST,SPCT3LF,SPCT3,1,CULTURE,GPLF,GP,,
39091,4,02/20/2021,27,03/19/2021,HOSPM,RF,03/19/2021,MAST,NOTXTORF,NOTXT,0,CULTURE,NGRF,NG,,
39182,3,08/07/2020,154,01/08/2021,HOSPM,LR,01/08/2021,MAST,SPCT3LR,SPCT3,1,CULTURE,GPLR,GP,,
39190,3,07/07/2020,245,03/09/2021,HOSPM,LF,03/09/2021,,,,,CULTURE,GPLF,GP,,
39190,3,07/07/2020,,,,,03/11/2021,MAST,SPCT3LF,SPCT3,1,,,,,
39190,3,07/07/2020,,,,,03/13/2021,,,,,,,,REMAST,SPECT5LF
39201,3,06/01/2020,220,01/07/2021,HOSPM,LF,01/07/2021,MAST,NOTXTOLF,NOTXT,0,CULTURE,NGLF,NG,,
39201,3,06/01/2020,,,,,03/08/2021,,,,,CULTURE,GPLF,GP,,
39201,3,06/01/2020,281,03/09/2021,HOSPM,LF,03/09/2021,,,,,,,,,
39226,3,08/20/2020,,,,,12/31/2020,MAST,SPCT3RR,SPCT3,1,CULTURE,GPRR,GP,,
39226,3,08/20/2020,142,01/09/2021,HOSPM,RR,01/09/2021,,,,,CULTURE,GPRR,GP,,
39226,3,08/20/2020,,,,,01/12/2021,,,,,,,,REMAST,SPECT5RR
39256,3,08/09/2020,145,01/01/2021,HOSPM,RF,01/01/2021,MAST,SPCT3RF,SPCT3,1,CULTURE,GPRF,GP,,
39256,3,08/09/2020,160,01/16/2021,HOSPM,RF,01/16/2021,MAST,SPCT3RF,SPCT3,1,CULTURE,GPRF,GP,,
39256,3,08/09/2020,171,01/27/2021,HOSPM,RF,01/27/2021,MAST,NOTXTORF,NOTXT,0,CULTURE,NGRF,NG,,
39316,3,09/26/2020,124,01/28/2021,HOSPM,LR,01/28/2021,,,,,,,,,
39331,3,07/18/2020,213,02/16/2021,HOSPM,RF,02/16/2021,MAST,SPCT3RF,SPCT3,1,CULTURE,GPRF,GP,,
39331,3,07/18/2020,233,03/08/2021,HOSPM,RF,03/08/2021,MAST,SPCT3RF,SPCT3,1,CULTURE,GPRF,GP,,
39341,3,08/26/2020,135,01/08/2021,HOSPM,LF,01/08/2021,MAST,NOTXTOLF,NOTXT,0,CULTURE,NGLF,NG,,
39344,3,10/28/2020,107,02/12/2021,HOSPM,LR,02/12/2021,MAST,NOTXTOLR,NOTXT,0,CULTURE,NGLR,NG,,
39354,3,08/28/2020,207,03/23/2021,HOSPM,LF,03/23/2021,MAST,NOTXTOLF,NOTXT,0,CULTURE,NGLF,NG,,
39376,3,09/01/2020,128,01/07/2021,HOSPM,RF,01/07/2021,MAST,SPCT3RF,SPCT3,1,CULTURE,GPRF,GP,,
39376,3,09/01/2020,,,,,01/10/2021,,,,,,,,REMAST,SPECT5RF
39376,3,09/01/2020,142,01/21/2021,HOSPM,RF,01/21/2021,MAST,NOTXTORF,NOTXT,0,CULTURE,NGRF,NG,,
39378,3,01/29/2021,,,,,02/01/2021,MAST,SPECT3LR,SPECT,1,,,,,
39378,3,01/29/2021,,,,,02/04/2021,,,,,,,,REMAST,SPECT5LR
39378,3,01/29/2021,,,,,02/13/2021,MAST,SPCT3LR,SPCT3,1,,,,,
39378,3,01/29/2021,22,02/20/2021,HOSPM,LR,02/20/2021,,,,,CULTURE,NGLR,NG,,
39378,3,01/29/2021,33,03/03/2021,HOSPM,LR,03/03/2021,MAST,NOTXTO,NOTXT,0,CULTURE,NGLR,NG,,
39378,3,01/29/2021,,,,,03/14/2021,MAST,SPECT3LR,SPECT,1,,,,,
39385,3,01/08/2021,70,03/19/2021,HOSPM,RF,03/19/2021,MAST,SPCTRF,SPCTR,1,CULTURE,GNRF,GN,,
39399,3,08/21/2020,160,01/28/2021,HOSPM,RF,01/28/2021,MAST,SPCT3RF,SPCT3,1,CULTURE,GPRF,GP,,
39434,3,10/16/2020,172,04/06/2021,HOSPM,RF,04/06/2021,MAST,NOTXTORF,NOTXT,0,CULTURE,NGRF,NG,,
39436,3,10/11/2020,85,01/04/2021,HOSPM,LR,01/04/2021,,,,,,,,,
39467,3,12/05/2020,,,,,12/31/2020,MAST,SPCT3LR,SPCT3,1,CULTURE,GPLR,GP,,
39467,3,12/05/2020,33,01/07/2021,HOSPM,LR,01/07/2021,,,,,CULTURE,GPLR,GP,,
39467,3,12/05/2020,95,03/10/2021,HOSPM,LF,03/10/2021,MAST,NOTXTO,NOTXT,0,CULTURE,NG,NG,,
39470,3,10/05/2020,94,01/07/2021,HOSPM,LF,01/07/2021,MAST,NOTXTOLF,NOTXT,0,CULTURE,NGLF,NG,,
39470,3,10/05/2020,105,01/18/2021,HOSPM,RF,01/18/2021,MAST,SPCT3RF,SPCT3,1,CULTURE,GPRF,GP,,
39470,3,10/05/2020,,,,,01/21/2021,,,,,,,,REMAST,SPECT5RF
39470,3,10/05/2020,124,02/06/2021,HOSPM,LF,02/06/2021,,,,,,,,,
39523,3,09/10/2020,141,01/29/2021,HOSPM,RF,01/29/2021,MAST,SPCT3RF,SPCT3,1,CULTURE,GPRF,GP,,
39527,3,10/23/2020,90,01/21/2021,HOSPM,RF,01/21/2021,MAST,SPCT3RF,SPCT3,1,CULTURE,MXRF,MX,,
39527,3,10/23/2020,,,,,01/24/2021,,,,,,,,REMAST,SPECT5RF
39542,3,10/17/2020,102,01/27/2021,HOSPM,LR,01/27/2021,MAST,NOTXTOLR,NOTXT,0,CULTURE,NGLR,NG,,
39554,3,05/31/2020,297,03/24/2021,HOSPM,RR,03/24/2021,MAST,SPCT3RR,SPCT3,1,CULTURE,GNRR,GN,,
39554,3,05/31/2020,,,,,03/27/2021,,,,,,,,REMAST,SPECT5RR
39562,3,10/13/2020,,,,,03/08/2021,,,,,CULTURE,GPRF,GP,,
39562,3,10/13/2020,147,03/09/2021,HOSPM,RF,03/09/2021,MAST,SPCT3RF,SPCT3,1,,,,,
39579,2,02/05/2020,,,,,01/01/2021,MAST,SPECT3RF,SPECT,1,,,,,
39582,3,07/27/2020,,,,,12/31/2020,MAST,SPCT3LF,SPCT3,1,CULTURE,GPLF,GP,,
39600,3,09/27/2020,179,03/25/2021,HOSPM,RF,03/25/2021,MAST,NOTXTO,NOTXT,0,CULTURE,NGRF,NG,,
39607,3,09/09/2020,115,01/02/2021,HOSPM,RF,01/02/2021,MAST,NOTXTORF,NOTXT,0,,,,,
39607,3,09/09/2020,140,01/27/2021,HOSPM,LF,01/27/2021,MAST,SPCT3LF,SPCT3,1,CULTURE,GPLF,GP,,
39607,3,09/09/2020,152,02/08/2021,HOSPM,LF,02/08/2021,MAST,NOTXTO,NOTXT,0,CULTURE,NG,NG,,
39607,3,09/09/2020,,,,,02/11/2021,,,,,,,,REMAST,SPECT5LF
39607,3,09/09/2020,174,03/02/2021,HOSPM,LF,03/02/2021,MAST,SPCT3LF,SPCT3,1,CULTURE,MXLF,MX,,
39626,3,08/23/2020,149,01/19/2021,HOSPM,RR,01/19/2021,MAST,SPCT3RR,SPCT3,1,CULTURE,GPRR,GP,,
39636,3,11/09/2020,85,02/02/2021,HOSPM,LF,02/02/2021,MAST,NOTXTO,NOTXT,0,CULTURE,NGLF,NG,,
39636,3,11/09/2020,144,04/02/2021,HOSPM,RF,04/02/2021,MAST,SPCT3RF,SPCT3,1,CULTURE,GPRF,GP,,
39639,3,11/09/2020,111,02/28/2021,HOSPM,LF,02/28/2021,,,,,,,,,
39653,3,07/16/2020,188,01/20/2021,HOSPM,RF,01/20/2021,MAST,SPCT3RF,SPCT3,1,CULTURE,GNRF,GN,,
39662,3,12/06/2020,95,03/11/2021,HOSPM,LR,03/11/2021,MAST,NOTXTO,NOTXT,0,CULTURE,NGLR,NG,,
39673,3,07/10/2020,190,01/16/2021,HOSPM,LR,01/16/2021,MAST,NOTXTOLR,NOTXT,0,CULTURE,NGLR,NG,,
39674,3,02/23/2021,3,02/26/2021,HOSPM,RR,02/26/2021,MAST,SPCT3RR,SPCT3,1,CULTURE,MXRR,MX,,
39678,3,07/06/2020,224,02/15/2021,HOSPM,LF,02/15/2021,MAST,SPCT3LF,SPCT3,1,CULTURE,GPLF,GP,,
39678,3,07/06/2020,241,03/04/2021,HOSPM,LF,03/04/2021,MAST,NOTXTOLF,NOTXT,0,CULTURE,NGLF,NG,,
39697,3,08/31/2020,130,01/08/2021,HOSPM,LR,01/08/2021,MAST,NOTXTOLR,NOTXT,0,CULTURE,NGLR,NG,,
39697,3,08/31/2020,155,02/02/2021,HOSPM,RR,02/02/2021,,,,,,,,,
39715,3,07/12/2020,205,02/02/2021,HOSPM,RF,02/02/2021,MAST,SPCT3RR,SPCT3,1,CULTURE,GPRR,GP,,
39715,3,07/12/2020,,,,,02/05/2021,,,,,,,,REMAST,SPECT5RR
39727,3,10/29/2020,88,01/25/2021,HOSPM,LR,01/25/2021,MAST,SPCT3LR,SPCT3,1,CULTURE,GPLR,GP,,
39727,3,10/29/2020,,,,,01/28/2021,,,,,,,,REMAST,SPECT5LR
39727,3,10/29/2020,113,02/19/2021,HOSPM,LR,02/19/2021,MAST,SPCT3LR,SPCT3,1,CULTURE,GPLR,GP,,
39727,3,10/29/2020,,,,,02/22/2021,,,,,,,,REMAST,SPECT5LR
39738,3,07/07/2020,234,02/26/2021,HOSPM,RR,02/26/2021,MAST,NOTXTORR,NOTXT,0,CULTURE,NGRR,NG,,
39764,3,05/22/2020,,,,,12/31/2020,MAST,SPCT3LF,SPCT3,1,CULTURE,GPLF,GP,,
39764,3,05/22/2020,,,,,01/03/2021,,,,,,,,REMAST,SPECT5LF
39768,3,10/12/2020,120,02/09/2021,HOSPM,RR,02/09/2021,MAST,SPCT3RR,SPCT3,1,CULTURE,GNRR,GN,,
39768,3,10/12/2020,128,02/17/2021,HOSPM,RR,02/17/2021,,,,,CULTURE,GPRR,GP,,
39768,3,10/12/2020,136,02/25/2021,HOSPM,RR,02/25/2021,,,,,CULTURE,NG,NG,,
39768,3,10/12/2020,143,03/04/2021,HOSPM,RR,03/04/2021,,,,,CULTURE,NGRR,NG,,
39768,3,10/12/2020,,,,,03/14/2021,MAST,SPECT3RR,SPECT,1,,,,,
39816,2,12/28/2019,381,01/12/2021,HOSPM,RF,01/12/2021,MAST,NOTXTO.,NOTXT,0,CULTURE,NGRF,NG,,
39845,3,09/02/2020,129,01/09/2021,HOSPM,RR,01/09/2021,MAST,SPCT3RR,SPCT3,1,CULTURE,MXRR,MX,,
39853,3,06/11/2020,224,01/21/2021,HOSPM,LR,01/21/2021,MAST,SPCT3LR,SPCT3,1,CULTURE,GPLR,GP,,
39869,3,09/18/2020,195,04/01/2021,HOSPM,RF,04/01/2021,MAST,NOTXTORF,NOTXT,0,CULTURE,NGRF,NG,,
39874,3,10/20/2020,97,01/25/2021,HOSPM,RF,01/25/2021,MAST,SPCT3RF,SPCT3,1,CULTURE,GPRF,GP,,
39888,3,10/30/2020,70,01/08/2021,HOSPM,RR,01/08/2021,MAST,SPCT3RR,SPCT3,1,CULTURE,GPRR,GP,,
39963,3,08/19/2020,199,03/06/2021,HOSPM,RR,03/06/2021,MAST,SPCT3RR,SPCT3,1,CULTURE,GPRR,GP,,
39986,3,09/16/2020,111,01/05/2021,HOSPM,LF,01/05/2021,MAST,SPCT3LF,SPCT3,1,CULTURE,GPLF,GP,,
39986,3,09/16/2020,,,,,01/08/2021,,,,,,,,REMAST,SPECT5LF
40001,3,11/09/2020,115,03/04/2021,HOSPM,LR,03/04/2021,MAST,NOTXTOLR,NOTXT,0,CULTURE,NGLR,NG,,
40033,3,12/30/2020,34,02/02/2021,HOSPM,RR,02/02/2021,,,,,,,,,
40040,3,08/29/2020,205,03/22/2021,HOSPM,RF,03/22/2021,,,,,CULTURE,NGRF,NG,,
40040,3,08/29/2020,215,04/01/2021,HOSPM,RF,04/01/2021,MAST,NOTXTORF,NOTXT,0,CULTURE,NGRF,NG,,
40051,3,07/31/2020,168,01/15/2021,HOSPM,RR,01/15/2021,MAST,NOTXTORR,NOTXT,0,CULTURE,NGRR,NG,,
40057,3,11/02/2020,105,02/15/2021,HOSPM,LF,02/15/2021,MAST,NOTXTOLF,NOTXT,0,CULTURE,NGLF,NG,,
40077,3,07/30/2020,160,01/06/2021,HOSPM,RR,01/06/2021,MAST,NOTXTORR,NOTXT,0,CULTURE,NGRR,NG,,
40089,3,09/09/2020,158,02/14/2021,HOSPM,LR,02/14/2021,MAST,NOTXTO,NOTXT,0,CULTURE,NGLR,NG,,
40089,3,09/09/2020,163,02/19/2021,HOSPM,LR,02/19/2021,,,,,CULTURE,NGLR,NG,,
40089,3,09/09/2020,175,03/03/2021,HOSPM,LF,03/03/2021,MAST,NOTXTO,NOTXT,0,CULTURE,NG,NG,,
40097,3,10/24/2020,84,01/16/2021,HOSPM,RR,01/16/2021,MAST,NOTXTORR,NOTXT,0,CULTURE,NGRR,NG,,
40133,3,12/03/2020,116,03/29/2021,HOSPM,RF,03/29/2021,,,,,CULTURE,MXRF,MX,,
40146,3,01/08/2021,68,03/17/2021,HOSPM,LR,03/17/2021,,,,,CULTURE,GNLR,GN,,
40146,3,01/08/2021,,,,,03/18/2021,MAST,SPCT3LR,SPCT3,1,,,,,
40151,3,09/17/2020,151,02/15/2021,HOSPM,RF,02/15/2021,MAST,NOTXTORF,NOTXT,0,CULTURE,NGRF,NG,,
40151,3,09/17/2020,160,02/24/2021,HOSPM,LF,02/24/2021,,,,,CULTURE,NGLF,NG,,
40151,3,09/17/2020,,,,,02/27/2021,,,,,,,,REMAST,SPECT5LF
40151,3,09/17/2020,171,03/07/2021,HOSPM,LR,03/07/2021,MAST,NOTXTO,NOTXT,0,CULTURE,NGLR,NG,,
40151,3,09/17/2020,176,03/12/2021,HOSPM,LR,03/12/2021,,,,,CULTURE,NGLR,NG,,
40151,3,09/17/2020,196,04/01/2021,HOSPM,LR,04/01/2021,,,,,,,,,
40170,3,11/11/2020,96,02/15/2021,HOSPM,RF,02/15/2021,MAST,SPCT3RF,SPCT3,1,CULTURE,GPRF,GP,,
40184,3,08/27/2020,212,03/27/2021,HOSPM,RF,03/27/2021,MAST,NOTXTORF,NOTXT,0,CULTURE,NGRF,NG,,
40188,3,08/15/2020,234,04/06/2021,HOSPM,RF,04/06/2021,MAST,SP2,SP2,1,CULTURE,GNRF,GN,,
40191,3,06/19/2020,207,01/12/2021,HOSPM,LF,01/12/2021,MAST,SPCT3LF,SPCT3,1,CULTURE,GPLF,GP,,
40210,3,10/16/2020,88,01/12/2021,HOSPM,LF,01/12/2021,MAST,SPCT3LF,SPCT3,1,CULTURE,GPLF,GP,,
40210,3,10/16/2020,98,01/22/2021,HOSPM,LR,01/22/2021,,,,,CULTURE,GPLR,GP,,
40213,3,10/08/2020,99,01/15/2021,HOSPM,LR,01/15/2021,MAST,SPCT3LR,SPCT3,1,CULTURE,GPLR,GP,,
40229,3,10/13/2020,115,02/05/2021,HOSPM,RR,02/05/2021,MAST,SPCT3RR,SPCT3,1,CULTURE,GNRR,GN,,
40229,3,10/13/2020,135,02/25/2021,HOSPM,LR,02/25/2021,MAST,SPCT3LR,SPCT3,1,CULTURE,GPLR,GP,,
40229,3,10/13/2020,146,03/08/2021,HOSPM,RR,03/08/2021,MAST,SPCT3LR,SPCT3,1,CULTURE,GPLR,GP,,
40229,3,10/13/2020,172,04/03/2021,HOSPM,RR,04/03/2021,MAST,NOTXTORR,NOTXT,0,CULTURE,NGRR,NG,,
40252,3,07/31/2020,174,01/21/2021,HOSPM,RF,01/21/2021,MAST,SPCT3RF,SPCT3,1,CULTURE,GPRF,GP,,
40252,3,07/31/2020,,,,,01/24/2021,,,,,,,,REMAST,SPECT5RF
40262,3,11/16/2020,78,02/02/2021,HOSPM,LF,02/02/2021,MAST,SPCT3LF,SPCT3,1,CULTURE,GPLF,GP,,
40262,3,11/16/2020,,,,,02/05/2021,,,,,,,,REMAST,SPECT5LF
40262,3,11/16/2020,92,02/16/2021,HOSPM,LF,02/16/2021,MAST,SPCT3LF,SPCT3,1,CULTURE,GPLF,GP,,
40263,3,10/17/2020,98,01/23/2021,HOSPM,LF,01/23/2021,MAST,SPCT3LF,SPCT3,1,CULTURE,GNLF,GN,,
40263,3,10/17/2020,111,02/05/2021,HOSPM,LF,02/05/2021,MAST,SPCT3LF,SPCT3,1,CULTURE,GPLF,GP,,
40269,3,01/19/2021,,,,,02/16/2021,,,,,CULTURE,MXLR,MX,,
40292,3,03/15/2021,3,03/18/2021,HOSPM,LF,03/18/2021,MAST,SPCT3LF,SPCT3,1,CULTURE,MXLF,MX,,
40292,3,03/15/2021,14,03/29/2021,HOSPM,LF,03/29/2021,MAST,SPCT3LF,SPCT3,1,CULTURE,GPLF,GP,,
40292,3,03/15/2021,,,,,04/01/2021,,,,,,,,REMAST,SPECT5LF
40304,3,07/19/2020,170,01/05/2021,HOSPM,RR,01/05/2021,MAST,SPCT3RR,SPCT3,1,CULTURE,GPRR,GP,,
40304,3,07/19/2020,227,03/03/2021,HOSPM,RR,03/03/2021,,,,,CULTURE,GNRR,GN,,
40304,3,07/19/2020,,,,,03/04/2021,MAST,SPCT3,SPCT3,1,,,,,
40324,3,07/31/2020,200,02/16/2021,HOSPM,LR,02/16/2021,MAST,SPCT3LR,SPCT3,1,CULTURE,GPLR,GP,,
40324,3,07/31/2020,225,03/13/2021,HOSPM,RF,03/13/2021,MAST,SPCT3RF,SPCT3,1,CULTURE,GPRF,GP,,
40342,3,01/04/2021,24,01/28/2021,HOSPM,RR,01/28/2021,MAST,NOTXTORR,NOTXT,0,CULTURE,NGRR,NG,,
40342,3,01/04/2021,88,04/02/2021,HOSPM,RR,04/02/2021,MAST,NOTXTORR,NOTXT,0,CULTURE,NGRR,NG,,
40344,3,10/08/2020,139,02/24/2021,HOSPM,LF,02/24/2021,,,,,CULTURE,GP,GP,,
40363,3,10/24/2020,72,01/04/2021,HOSPM,LR,01/04/2021,,,,,,,,,
40371,3,07/24/2020,221,03/02/2021,HOSPM,LF,03/02/2021,MAST,SPCT3LF,SPCT3,1,CULTURE,GPLF,GP,,
40373,3,11/26/2020,98,03/04/2021,HOSPM,LF,03/04/2021,MAST,SPCT3LF,SPCT3,1,CULTURE,GPLR,GP,,
40382,3,01/17/2021,,,,,03/25/2021,MAST,SPECT3LR,SPECT,1,,,,,
40382,3,01/17/2021,78,04/05/2021,HOSPM,LF,04/05/2021,MAST,NOTXTO,NOTXT,0,CULTURE,NGLF,NG,,
40391,3,09/04/2020,128,01/10/2021,HOSPM,LF,01/10/2021,MAST,SPCT3LF,SPCT3,1,CULTURE,GNLF,GN,,
40408,3,09/14/2020,156,02/17/2021,HOSPM,LF,02/17/2021,,,,,CULTURE,NGLF,NG,,
40408,3,09/14/2020,,,,,02/18/2021,MAST,NOTXTO,NOTXT,0,,,,,
40408,3,09/14/2020,,,,,02/26/2021,,,,,,,,REMAST,SPECT5RF
40426,3,10/20/2020,78,01/06/2021,HOSPM,LR,01/06/2021,MAST,SPCT3LR,SPCT3,1,CULTURE,GPLR,GP,REMAST,SPECT5RF
40426,3,10/20/2020,81,01/09/2021,HOSPM,LR,01/09/2021,,,,,CULTURE,GPLR,GP,,
40426,3,10/20/2020,,,,,01/12/2021,,,,,,,,REMAST,SPECT5LR
40426,3,10/20/2020,93,01/21/2021,HOSPM,LR,01/21/2021,MAST,SPCT3LR,SPCT3,1,CULTURE,GPLR,GP,,
40426,3,10/20/2020,,,,,01/24/2021,,,,,,,,REMAST,SPECT5LR
40426,3,10/20/2020,116,02/13/2021,HOSPM,LR,02/13/2021,,,,,CULTURE,GPLR,GP,,
40459,3,08/07/2020,,,,,02/21/2021,MAST,SPCT3LR,SPCT3,1,,,,,
40459,3,08/07/2020,,,,,02/24/2021,,,,,,,,REMAST,SPECT5LR
40462,3,01/02/2021,49,02/20/2021,HOSPM,RF,02/20/2021,MAST,SPCT3RF,SPCT3,1,CULTURE,GPRF,GP,,
40510,3,01/14/2021,13,01/27/2021,HOSPM,RF,01/27/2021,MAST,NOTXTORF,NOTXT,0,CULTURE,NGRF,NG,,
40515,3,09/12/2020,153,02/12/2021,HOSPM,LF,02/12/2021,MAST,NOTXTOLF,NOTXT,0,CULTURE,NGLF,NG,,
40515,3,09/12/2020,154,02/13/2021,HOSPM,LF,02/13/2021,,,,,CULTURE,NGLF,NG,,
40523,3,09/26/2020,107,01/11/2021,HOSPM,RF,01/11/2021,MAST,SPCT3RF,SPCT3,1,CULTURE,GPRF,GP,,
40523,3,09/26/2020,116,01/20/2021,HOSPM,RF,01/20/2021,,,,,CULTURE,GNRF,GN,,
40523,3,09/26/2020,130,02/03/2021,HOSPM,RF,02/03/2021,MAST,NOTXTO,NOTXT,0,CULTURE,NGRF,NG,,
40523,3,09/26/2020,145,02/18/2021,HOSPM,LR,02/18/2021,MAST,SPCT3RF,SPCT3,1,CULTURE,GPLR,GP,,
40529,2,03/14/2020,353,03/02/2021,HOSPM,LR,03/02/2021,MAST,NOTXTO,NOTXT,0,CULTURE,NGLR,NG,,
40534,3,01/20/2021,18,02/07/2021,HOSPM,RF,02/07/2021,MAST,NOTXTO,NOTXT,0,CULTURE,NGRF,NG,,
40552,3,09/11/2020,175,03/05/2021,HOSPM,RF,03/05/2021,MAST,NOTXTORF,NOTXT,0,CULTURE,NGRF,NG,,
40554,3,12/03/2020,53,01/25/2021,HOSPM,LF,01/25/2021,MAST,NOTXTOLF,NOTXT,0,CULTURE,NGLF,NG,,
40554,3,12/03/2020,76,02/17/2021,HOSPM,LF,02/17/2021,MAST,SPCT3LF,SPCT3,1,CULTURE,GPLF,GP,,
40554,3,12/03/2020,,,,,02/20/2021,,,,,,,,REMAST,SPECT5LF
40554,3,12/03/2020,89,03/02/2021,HOSPM,LF,03/02/2021,MAST,NOTXTO,NOTXT,0,CULTURE,NGLF,NG,,
40554,3,12/03/2020,98,03/11/2021,HOSPM,LF,03/11/2021,,,,,CULTURE,NG,NG,,
40554,3,12/03/2020,124,04/06/2021,HOSPM,RF,04/06/2021,MAST,NOTXTORF,NOTXT,0,CULTURE,NGRF,NG,,
40563,3,12/07/2020,47,01/23/2021,HOSPM,LF,01/23/2021,,,,,CULTURE,GPLF,GP,,
40587,3,09/18/2020,130,01/26/2021,HOSPM,RF,01/26/2021,MAST,SPCT3RF,SPCT3,1,CULTURE,GPRF,GP,,
40587,3,09/18/2020,,,,,01/29/2021,,,,,,,,REMAST,SPECT5RF
40587,3,09/18/2020,193,03/30/2021,HOSPM,RF,03/30/2021,MAST,SPCT3RF,SPCT3,1,CULTURE,GNRF,GN,,
40603,3,07/03/2020,254,03/14/2021,HOSPM,RF,03/14/2021,MAST,NOTXTO,NOTXT,0,CULTURE,NG,NG,,
40636,2,04/09/2020,319,02/22/2021,HOSPM,LR,02/22/2021,MAST,SPCT3LR,SPCT3,1,CULTURE,GPLR,GP,,
40657,3,03/23/2021,10,04/02/2021,HOSPM,LF,04/02/2021,MAST,SPCT3LF,SPCT3,1,CULTURE,GPLF,GP,,
40661,3,01/04/2021,65,03/10/2021,HOSPM,RF,03/10/2021,MAST,NOTXTO,NOTXT,0,CULTURE,NGRF,NG,,
40703,3,01/06/2021,65,03/12/2021,HOSPM,LF,03/12/2021,MAST,NOTXTOLF,NOTXT,0,CULTURE,NGLF,NG,,
40704,3,09/08/2020,130,01/16/2021,HOSPM,RF,01/16/2021,MAST,SPCT3RF,SPCT3,1,CULTURE,GPRF,GP,,
40736,3,12/21/2020,43,02/02/2021,HOSPM,LR,02/02/2021,MAST,SPCT3LR,SPCT3,1,CULTURE,GPLR,GP,,
40736,3,12/21/2020,,,,,02/05/2021,,,,,,,,REMAST,SPECT5LR
40736,3,12/21/2020,61,02/20/2021,HOSPM,LR,02/20/2021,MAST,SPCT3LR,SPCT3,1,CULTURE,GPLR,GP,,
40736,3,12/21/2020,72,03/03/2021,HOSPM,LF,03/03/2021,,,,,CULTURE,GNLF,GN,,
40736,3,12/21/2020,,,,,03/06/2021,,,,,,,,REMAST,SPECT5LF
40770,3,08/23/2020,194,03/05/2021,HOSPM,RF,03/05/2021,MAST,NOTXTORF,NOTXT,0,CULTURE,NGRF,NG,,
40781,3,11/19/2020,68,01/26/2021,HOSPM,RR,01/26/2021,MAST,NOTXTO,NOTXT,0,CULTURE,NG,NG,,
40781,3,11/19/2020,77,02/04/2021,HOSPM,RR,02/04/2021,,,,,CULTURE,NGRR,NG,,
40781,3,11/19/2020,92,02/19/2021,HOSPM,LF,02/19/2021,,,,,CULTURE,GPLF,GP,,
40781,3,11/19/2020,105,03/04/2021,HOSPM,RR,03/04/2021,MAST,NOTXTORR,NOTXT,0,CULTURE,NGRR,NG,,
40789,3,01/06/2021,34,02/09/2021,HOSPM,LF,02/09/2021,MAST,NOTXTOLF,NOTXT,0,CULTURE,NGLF,NG,,
40824,3,12/04/2020,93,03/07/2021,HOSPM,RF,03/07/2021,MAST,SPCT3,SPCT3,1,CULTURE,GNRF,GN,,
40824,3,12/04/2020,102,03/16/2021,HOSPM,RECULTUR,03/16/2021,,,,,CULTURE,NGRF,NG,,
40824,3,12/04/2020,,,,,03/26/2021,,,,,,,,REMAST,SPECT5RF
40883,2,08/11/2020,172,01/30/2021,HOSPM,RF,01/30/2021,,,,,CULTURE,NG,NG,,
40883,2,08/11/2020,,,,,01/31/2021,MAST,NOTXTO,NOTXT,0,,,,,
40883,2,08/11/2020,209,03/08/2021,HOSPM,RF,03/08/2021,MAST,NOTXTO,NOTXT,0,CULTURE,NG,NG,,
40883,2,08/11/2020,219,03/18/2021,HOSPM,RF,03/18/2021,MAST,NOTXTORF,NOTXT,0,CULTURE,NGRF,NG,,
40902,3,01/15/2021,13,01/28/2021,HOSPM,RF,01/28/2021,MAST,SPCT3RF,SPCT3,1,CULTURE,GPRF,GP,,
40902,3,01/15/2021,,,,,02/03/2021,,,,,CULTURE,NGRF,NG,,
40922,3,09/18/2020,109,01/05/2021,HOSPM,LR,01/05/2021,,,,,CULTURE,GPLR,GP,,
40926,3,11/07/2020,,,,,01/31/2021,,,,,CULTURE,GPLR,GP,,
40926,3,11/07/2020,86,02/01/2021,HOSPM,LR,02/01/2021,MAST,SPCT3RR,SPCT3,1,,,,,
40926,3,11/07/2020,,,,,02/04/2021,,,,,,,,REMAST,SPECT5RR
40926,3,11/07/2020,148,04/04/2021,HOSPM,LF,04/04/2021,,,,,,,,,
40965,3,12/10/2020,84,03/04/2021,HOSPM,RF,03/04/2021,MAST,SPCT3RF,SPCT3,1,CULTURE,GPRF,GP,,
40965,3,12/10/2020,,,,,03/07/2021,,,,,,,,REMAST,SPECT5RF
40987,3,11/04/2020,115,02/27/2021,HOSPM,RR,02/27/2021,MAST,NOTXTORR,NOTXT,0,CULTURE,NGRR,NG,,
41106,3,12/11/2020,74,02/23/2021,HOSPM,LR,02/23/2021,MAST,SPCT3LR,SPCT3,1,CULTURE,GPLR,GP,,
41141,3,11/02/2020,,,,,03/21/2021,MAST,SPECT3LF,SPECT,1,,,,,
41151,3,11/22/2020,,,,,03/21/2021,,,,,CULTURE,GNLF,GN,,
41151,3,11/22/2020,120,03/22/2021,HOSPM,LF,03/22/2021,,,,,,,,,
41151,3,11/22/2020,,,,,03/23/2021,MAST,SPCT3LF,SPCT3,1,,,,,
41151,3,11/22/2020,,,,,03/25/2021,,,,,,,,REMAST,SPECT5LF
41151,3,11/22/2020,130,04/01/2021,HOSPM,LF,04/01/2021,,,,,CULTURE,NGLF,NG,,
41160,3,02/07/2021,34,03/13/2021,HOSPM,LR,03/13/2021,MAST,SPCT3LR,SPCT3,1,CULTURE,GPLR,GP,,
41160,3,02/07/2021,56,04/04/2021,HOSPM,LR,04/04/2021,MAST,SPCT3LR,SPCT3,1,CULTURE,GNLR,GN,,
41203,3,12/31/2020,50,02/19/2021,HOSPM,LF,02/19/2021,MAST,NOTXTOLF,NOTXT,0,CULTURE,NGLF,NG,,
41208,3,10/12/2020,105,01/25/2021,HOSPM,LR,01/25/2021,MAST,NOTXTOLR,NOTXT,0,CULTURE,NGLR,NG,,
41208,3,10/12/2020,108,01/28/2021,HOSPM,LR,01/28/2021,,,,,CULTURE,NGLR,NG,,
41258,3,02/01/2021,28,03/01/2021,HOSPM,RF,03/01/2021,MAST,SPCT3RF,SPCT3,1,CULTURE,GPRF,GP,,
41258,3,02/01/2021,,,,,03/04/2021,,,,,,,,REMAST,SPECT5RF
41291,3,02/18/2021,30,03/20/2021,HOSPM,RF,03/20/2021,,,,,CULTURE,GPRF,GP,,
41291,3,02/18/2021,,,,,03/21/2021,MAST,SPCT3RF,SPCT3,1,,,,,
41295,3,11/20/2020,61,01/20/2021,HOSPM,LF,01/20/2021,MAST,SPCT3LF,SPCT3,1,CULTURE,GNLF,GN,,
41295,3,11/20/2020,69,01/28/2021,HOSPM,RECULTUR,01/28/2021,,,,,CULTURE,GPLF,GP,,
41295,3,11/20/2020,79,02/07/2021,HOSPM,LF,02/07/2021,,,,,CULTURE,GPLF,GP,,
41308,3,12/09/2020,36,01/14/2021,HOSPM,RF,01/14/2021,,,,,,,,,
41310,3,11/24/2020,,,,,01/01/2021,,,,,,,,REMAST,SPECT5RF
41310,3,11/24/2020,49,01/12/2021,HOSPM,RF,01/12/2021,MAST,SPCT3RF,SPCT3,1,CULTURE,GPRF,GP,,
41310,3,11/24/2020,,,,,01/15/2021,,,,,,,,REMAST,SPECT5
41332,2,05/09/2020,256,01/20/2021,HOSPM,LF,01/20/2021,,,,,CULTURE,NGLF,NG,,
41408,3,01/04/2021,53,02/26/2021,HOSPM,RF,02/26/2021,MAST,SPCT3RF,SPCT3,1,CULTURE,GPRF,GP,,
41408,3,01/04/2021,,,,,03/01/2021,,,,,,,,REMAST,SPECT5RF
41408,3,01/04/2021,,,,,03/08/2021,,,,,CULTURE,GPRF,GP,,
41408,3,01/04/2021,64,03/09/2021,HOSPM,RF,03/09/2021,MAST,SPCT3RF,SPCT3,1,,,,,
41408,3,01/04/2021,72,03/17/2021,HOSPM,RF,03/17/2021,,,,,CULTURE,NGRF,NG,,
41408,3,01/04/2021,85,03/30/2021,HOSPM,RF,03/30/2021,MAST,NOTXTORF,NOTXT,0,CULTURE,NGRF,NG,,
41408,3,01/04/2021,92,04/06/2021,HOSPM,RF,04/06/2021,,,,,CULTURE,NGRF,NG,,
41446,2,05/28/2020,229,01/12/2021,HOSPM,RF,01/12/2021,MAST,SPCT3RF,SPCT3,1,CULTURE,GPRF,GP,,
41446,2,05/28/2020,264,02/16/2021,HOSPM,RF,02/16/2021,MAST,SPCT3RF,SPCT3,1,CULTURE,GPRF,GP,,
41455,3,11/06/2020,101,02/15/2021,HOSPM,RR,02/15/2021,MAST,SPCT3RR,SPCT3,1,CULTURE,GPRR,GP,,
41482,3,11/01/2020,152,04/02/2021,HOSPM,RR,04/02/2021,MAST,NOTXTORR,NOTXT,0,CULTURE,NGRR,NG,,
41573,3,01/09/2021,58,03/08/2021,HOSPM,RF,03/08/2021,MAST,NOTXTO,NOTXT,0,CULTURE,NG,NG,,
41576,2,04/12/2020,271,01/08/2021,HOSPM,LF,01/08/2021,MAST,SPCT3LF,SPCT3,1,CULTURE,GPLF,GP,,
41576,2,04/12/2020,,,,,01/11/2021,,,,,,,,REMAST,SPECT5LF
41669,3,01/30/2021,42,03/13/2021,HOSPM,RR,03/13/2021,,,,,CULTURE,GPRR,GP,,
41688,3,12/15/2020,82,03/07/2021,HOSPM,RF,03/07/2021,MAST,SPCT3RF,SPCT3,1,CULTURE,MXRF,MX,,
41688,3,12/15/2020,,,,,03/10/2021,,,,,,,,REMAST,SPECT5RF
41688,3,12/15/2020,91,03/16/2021,HOSPM,RECULTUR,03/16/2021,,,,,CULTURE,NGRF,NG,,
41689,3,10/30/2020,95,02/02/2021,HOSPM,RR,02/02/2021,MAST,NOTXTO,NOTXT,0,CULTURE,NGRR,NG,,
41689,3,10/30/2020,132,03/11/2021,HOSPM,RR,03/11/2021,MAST,SPCT3RR,SPCT3,1,CULTURE,GPRR,GP,,
41767,2,06/22/2020,273,03/22/2021,HOSPM,RF,03/22/2021,MAST,NOTXTO,NOTXT,0,CULTURE,NG,NG,,
41770,3,02/18/2021,,,,,03/07/2021,MAST,SPECT3LF,SPECT,1,,,,,
41830,3,02/08/2021,15,02/23/2021,HOSPM,LF,02/23/2021,MAST,SPCT3LF,SPCT3,1,CULTURE,MXLF,MX,,
41836,2,08/20/2020,146,01/13/2021,HOSPM,LF,01/13/2021,MAST,NOTXTO,NOTXT,0,CULTURE,NGLF,NG,,
41836,2,08/20/2020,229,04/06/2021,HOSPM,RR,04/06/2021,,,,,CULTURE,GPRR,GP,,
41858,2,07/15/2020,174,01/05/2021,HOSPM,LR,01/05/2021,MAST,SPCT3LR,SPCT3,1,CULTURE,GPLR,GP,,
41858,2,07/15/2020,,,,,01/15/2021,MAST,NOTXTOLR,NOTXT,0,CULTURE,NGLR,NG,,
41878,3,02/09/2021,14,02/23/2021,HOSPM,LF,02/23/2021,MAST,SPCT3LF,SPCT3,1,CULTURE,GPLF,GP,,
41878,3,02/09/2021,,,,,02/26/2021,,,,,,,,REMAST,SPECT5LF
41878,3,02/09/2021,56,04/06/2021,HOSPM,LF,04/06/2021,MAST,SP5,SP5,1,CULTURE,GNLF,GN,,
41894,3,12/18/2020,21,01/08/2021,HOSPM,RF,01/08/2021,MAST,SPCT3RF,SPCT3,1,CULTURE,GPRF,GP,,
41894,3,12/18/2020,,,,,01/11/2021,,,,,,,,REMAST,SPECT5RF
41895,2,05/11/2020,307,03/14/2021,HOSPM,RF,03/14/2021,,,,,CULTURE,NG,NG,,
41901,2,05/15/2020,293,03/04/2021,HOSPM,LF,03/04/2021,MAST,SPCT3LF,SPCT3,1,CULTURE,GPLF,GP,,
41933,2,08/23/2020,171,02/10/2021,HOSPM,RF,02/10/2021,,,,,CULTURE,GNRF,GN,,
41933,2,08/23/2020,,,,,02/11/2021,MAST,SPCT3RF,SPCT3,1,,,,,
41933,2,08/23/2020,,,,,02/14/2021,,,,,,,,REMAST,SPECT5RF
41945,2,05/21/2020,267,02/12/2021,HOSPM,LF,02/12/2021,MAST,SPCT3LF,SPCT3,1,CULTURE,GPLF,GP,,
41945,2,05/21/2020,,,,,02/15/2021,,,,,,,,REMAST,SPECT5LF
41945,2,05/21/2020,279,02/24/2021,HOSPM,LR,02/24/2021,MAST,SPCT3LR,SPCT3,1,CULTURE,GPLR,GP,,
41967,2,07/06/2020,259,03/22/2021,HOSPM,RF,03/22/2021,MAST,SPCT3RF,SPCT3,1,CULTURE,GPRF,GP,,
42042,2,06/03/2020,227,01/16/2021,HOSPM,LR,01/16/2021,MAST,NOTXTOLR,NOTXT,0,CULTURE,NGLR,NG,,
42058,2,11/30/2020,74,02/12/2021,HOSPM,LF,02/12/2021,MAST,SPCT3LF,SPCT3,1,CULTURE,GPLF,GP,,
42081,2,07/28/2020,161,01/05/2021,HOSPM,RR,01/05/2021,MAST,SPCT3RR,SPCT3,1,CULTURE,GPRR,GP,,
42087,2,11/21/2020,121,03/22/2021,HOSPM,RR,03/22/2021,MAST,SPCT3RR,SPCT3,1,CULTURE,GNRR,GN,,
42087,2,11/21/2020,,,,,03/25/2021,,,,,,,,REMAST,SPECT5RR
42105,2,12/22/2020,80,03/12/2021,HOSPM,LF,03/12/2021,MAST,NOTXTOLF,NOTXT,0,CULTURE,NGLF,NG,,
42105,2,12/22/2020,85,03/17/2021,HOSPM,LF,03/17/2021,,,,,CULTURE,NGLF,NG,,
42117,2,05/08/2020,281,02/13/2021,HOSPM,LR,02/13/2021,MAST,SPCT3LR,SPCT3,1,CULTURE,GPLR,GP,,
42117,2,05/08/2020,,,,,03/08/2021,,,,,CULTURE,GPLR,GP,,
42117,2,05/08/2020,305,03/09/2021,HOSPM,LR,03/09/2021,MAST,SPCT3LR,SPCT3,1,,,,,
42210,2,09/08/2020,122,01/08/2021,HOSPM,LF,01/08/2021,MAST,SPCT3LF,SPCT3,1,CULTURE,GPLF,GP,,
42210,2,09/08/2020,,,,,01/11/2021,,,,,,,,REMAST,SPECT5LF
42254,2,09/17/2020,111,01/06/2021,HOSPM,LF,01/06/2021,MAST,NOTXTOLF,NOTXT,0,CULTURE,NGLF,NG,,
42261,2,08/15/2020,202,03/05/2021,HOSPM,LF,03/05/2021,MAST,SPCT3LF,SPCT3,1,CULTURE,GPLF,GP,,
42261,2,08/15/2020,221,03/24/2021,HOSPM,LF,03/24/2021,MAST,SPCT3LF,SPCT3,1,CULTURE,GPLF,GP,,
42275,2,04/27/2020,271,01/23/2021,HOSPM,RF,01/23/2021,MAST,SPCT3RF,SPCT3,1,CULTURE,GPRF,GP,,
42276,2,06/20/2020,224,01/30/2021,HOSPM,LR,01/30/2021,,,,,CULTURE,NG,NG,,
42287,2,08/26/2020,204,03/18/2021,HOSPM,LF,03/18/2021,,,,,,,,,
42292,2,07/31/2020,220,03/08/2021,HOSPM,RF,03/08/2021,MAST,SPCT3,SPCT3,1,CULTURE,GPRF,GP,,
42327,2,05/19/2020,265,02/08/2021,HOSPM,BLOOD,02/08/2021,,,,,,,,,
42406,2,08/12/2020,164,01/23/2021,HOSPM,RR,01/23/2021,MAST,NOTXTORR,NOTXT,0,CULTURE,NGRR,NG,,
42438,3,02/17/2021,40,03/29/2021,HOSPM,RR,03/29/2021,MAST,SPCT3RR,SPCT3,1,CULTURE,GNRR,GN,,
42453,2,07/05/2020,180,01/01/2021,HOSPM,LF,01/01/2021,MAST,SPCT3LF,SPCT3,1,CULTURE,GPLF,GP,,
42453,2,07/05/2020,,,,,01/04/2021,,,,,,,,REMAST,SPECT5LF
42453,2,07/05/2020,186,01/07/2021,HOSPM,LF,01/07/2021,,,,,CULTURE,GPLF,GP,,
42478,2,07/28/2020,220,03/05/2021,HOSPM,LF,03/05/2021,MAST,SPCT3LR,SPCT3,1,CULTURE,GNLF,GN,,
42478,2,07/28/2020,,,,,03/08/2021,,,,,,,,REMAST,SPECT5LR
42478,2,07/28/2020,231,03/16/2021,HOSPM,LR,03/16/2021,MAST,NOTXTO,NOTXT,0,CULTURE,NGLR,NG,,
42491,2,06/24/2020,284,04/04/2021,HOSPM,LF,04/04/2021,MAST,NOTXTOLF,NOTXT,0,CULTURE,NGLF,NG,,
42493,2,07/23/2020,169,01/08/2021,HOSPM,RF,01/08/2021,MAST,SPCT3RF,SPCT3,1,CULTURE,GPRF,GP,,
42493,2,07/23/2020,205,02/13/2021,HOSPM,RF,02/13/2021,MAST,NOTXTORF,NOTXT,0,CULTURE,NGRF,NG,,
42493,2,07/23/2020,253,04/02/2021,HOSPM,RF,04/02/2021,MAST,NOTXTORF,NOTXT,0,CULTURE,NGRF,NG,,
42498,2,09/24/2020,118,01/20/2021,HOSPM,RF,01/20/2021,MAST,NOTXTORF,NOTXT,0,CULTURE,NG,NG,,
42498,2,09/24/2020,118,01/20/2021,HOSPM,RF,01/20/2021,MAST,NOTXTORF,NOTXT,0,CULTURE,NGRF,NG,,
42498,2,09/24/2020,144,02/15/2021,HOSPM,LF,02/15/2021,MAST,SPCT3LF,SPCT3,1,CULTURE,GPLF,GP,,
42498,2,09/24/2020,167,03/10/2021,HOSPM,LF,03/10/2021,MAST,NOTXTO,NOTXT,0,CULTURE,NGLF,NG,,
42498,2,09/24/2020,174,03/17/2021,HOSPM,RECULTUR,03/17/2021,,,,,CULTURE,GNLF,GN,,
42522,2,05/02/2020,338,04/05/2021,HOSPM,RF,04/05/2021,MAST,SPCT3RF,SPCT3,1,CULTURE,GNRF,GN,,
42561,2,01/26/2021,21,02/16/2021,HOSPM,RF,02/16/2021,MAST,SPCT3RF,SPCT3,1,CULTURE,GNRF,GN,,
42561,2,01/26/2021,,,,,02/19/2021,,,,,,,,REMAST,SPECT5RF
42586,2,07/20/2020,255,04/01/2021,HOSPM,LF,04/01/2021,MAST,NOTXTOLF,NOTXT,0,CULTURE,NGLF,NG,,
42590,2,10/23/2020,153,03/25/2021,HOSPM,LF,03/25/2021,MAST,SPCT3LF,SPCT3,1,CULTURE,GP,GP,,
42599,2,05/26/2020,285,03/07/2021,HOSPM,LF,03/07/2021,MAST,NOTXTO,NOTXT,0,CULTURE,NGLF,NG,,
42618,2,07/20/2020,172,01/08/2021,HOSPM,LR,01/08/2021,MAST,SPCT3LR,SPCT3,1,CULTURE,GPLR,GP,,
42633,2,08/19/2020,190,02/25/2021,HOSPM,LR,02/25/2021,MAST,SPCT3LR,SPCT3,1,CULTURE,GNLR,GN,,
42637,2,07/19/2020,228,03/04/2021,HOSPM,RF,03/04/2021,MAST,NOTXTORF,NOTXT,0,CULTURE,NGRF,NG,,
42677,2,06/28/2020,279,04/03/2021,HOSPM,LR,04/03/2021,MAST,NOTXTOLR,NOTXT,0,CULTURE,NGLR,NG,,
42694,2,07/01/2020,207,01/24/2021,HOSPM,LF,01/24/2021,MAST,SPCT3LF,SPCT3,1,CULTURE,GPLF,GP,,
42772,2,06/18/2020,223,01/27/2021,HOSPM,RF,01/27/2021,MAST,NOTXTORF,NOTXT,0,CULTURE,NGRF,NG,,
42819,2,07/19/2020,173,01/08/2021,HOSPM,LF,01/08/2021,MAST,NOTXTOLF,NOTXT,0,CULTURE,NG,NG,,
42820,2,06/14/2020,291,04/01/2021,HOSPM,LF,04/01/2021,MAST,SPCT3LF,SPCT3,1,CULTURE,MXLF,MX,,
42820,2,06/14/2020,,,,,04/04/2021,,,,,,,,REMAST,SPECT5LF
42823,2,05/20/2020,263,02/07/2021,HOSPM,RF,02/07/2021,MAST,NOTXTO,NOTXT,0,CULTURE,NGRF,NG,,
42840,2,09/11/2020,174,03/04/2021,HOSPM,RF,03/04/2021,MAST,NOTXTORF,NOTXT,0,CULTURE,NGRF,NG,,
42876,2,08/28/2020,187,03/03/2021,HOSPM,LF,03/03/2021,MAST,SPCT3LF,SPCT3,1,CULTURE,GPLF,GP,,
42891,2,08/28/2020,175,02/19/2021,HOSPM,LR,02/19/2021,,,,,CULTURE,GNLR,GN,,
42892,2,07/23/2020,194,02/02/2021,HOSPM,LF,02/02/2021,MAST,NOTXTO,NOTXT,0,CULTURE,NGLF,NG,,
42897,2,09/01/2020,141,01/20/2021,HOSPM,LF,01/20/2021,MAST,SPCT3LF,SPCT3,1,CULTURE,GNLF,GN,,
42898,2,09/02/2020,123,01/03/2021,HOSPM,RR,01/03/2021,MAST,SPCT3RR,SPCT3,1,CULTURE,MXRR,MX,,
42922,2,07/16/2020,170,01/02/2021,HOSPM,RR,01/02/2021,MAST,NOTXTO,NOTXT,0,CULTURE,NGRR,NG,,
42922,2,07/16/2020,171,01/03/2021,HOSPM,RF,01/03/2021,,,,,CULTURE,GPRF,GP,,
42922,2,07/16/2020,255,03/28/2021,HOSPM,LR,03/28/2021,MAST,NOTXTO,NOTXT,0,CULTURE,NG,NG,,
42945,2,06/05/2020,265,02/25/2021,HOSPM,LR,02/25/2021,MAST,NOTXTO,NOTXT,0,CULTURE,NGLR,NG,,
42982,2,10/13/2020,150,03/12/2021,HOSPM,LR,03/12/2021,MAST,NOTXTOLR,NOTXT,0,CULTURE,NGLR,NG,,
42988,2,08/24/2020,144,01/15/2021,HOSPM,LF,01/15/2021,MAST,SPCT3LF,SPCT3,1,CULTURE,MXLF,MX,,
42988,2,08/24/2020,164,02/04/2021,HOSPM,RF,02/04/2021,MAST,SPCT3LF,SPCT3,1,CULTURE,GPRF,GP,,
43026,2,08/27/2020,,,,,03/08/2021,,,,,CULTURE,GPLF,GP,,
43026,2,08/27/2020,194,03/09/2021,HOSPM,LF,03/09/2021,MAST,SPCT3LF,SPCT3,1,,,,,
43030,2,11/24/2020,88,02/20/2021,HOSPM,LF,02/20/2021,MAST,NOTXTOLF,NOTXT,0,CULTURE,NGLF,NG,,
43031,2,11/12/2020,76,01/27/2021,HOSPM,RF,01/27/2021,MAST,SPCT3RF,SPCT3,1,CULTURE,GPRF,GP,,
43031,2,11/12/2020,109,03/01/2021,HOSPM,RF,03/01/2021,MAST,SPCT3RF,SPCT3,1,CULTURE,GPRF,GP,,
43049,2,07/09/2020,208,02/02/2021,HOSPM,BLOOD,02/02/2021,MAST,NOTXTO,NOTXT,0,CULTURE,NGRR,NG,,
43066,2,07/16/2020,189,01/21/2021,HOSPM,LR,01/21/2021,MAST,SPCT3LR,SPCT3,1,CULTURE,GPLR,GP,,
43068,2,07/05/2020,251,03/13/2021,HOSPM,RF,03/13/2021,MAST,SPCT3RF,SPCT3,1,CULTURE,GPRF,GP,,
43076,2,01/07/2021,,,,,03/22/2021,MAST,SPCT3RR,SPCT3,1,CULTURE,MXRR,MX,,
43084,2,10/11/2020,104,01/23/2021,HOSPM,LR,01/23/2021,MAST,SPCT3LR,SPCT3,1,CULTURE,GPLR,GP,,
43162,2,08/16/2020,195,02/27/2021,HOSPM,RR,02/27/2021,MAST,NOTXTORR,NOTXT,0,CULTURE,NGRR,NG,,
43198,2,07/26/2020,163,01/05/2021,HOSPM,LF,01/05/2021,,,,,CULTURE,MXLF,MX,,
43218,2,12/07/2020,86,03/03/2021,HOSPM,RR,03/03/2021,,,,,CULTURE,GNRR,GN,,
43251,2,11/01/2020,84,01/24/2021,HOSPM,RF,01/24/2021,MAST,NOTXTO,NOTXT,0,CULTURE,NG,NG,,
43251,2,11/01/2020,134,03/15/2021,HOSPM,LF,03/15/2021,MAST,SPCT3LF,SPCT3,1,CULTURE,GPLF,GP,,
43255,2,01/31/2021,2,02/02/2021,HOSPM,RF,02/02/2021,MAST,SPCT3RF,SPCT3,1,CULTURE,GNRF,GN,,
43279,2,07/30/2020,159,01/05/2021,HOSPM,RF,01/05/2021,MAST,NOTXTORF,NOTXT,0,CULTURE,NGRF,NG,,
43279,2,07/30/2020,170,01/16/2021,HOSPM,RF,01/16/2021,MAST,SPCT3RF,SPCT3,1,CULTURE,GPRF,GP,,
43315,2,07/02/2020,248,03/07/2021,HOSPM,LR,03/07/2021,MAST,NOTXTO,NOTXT,0,CULTURE,NGLR,NG,,
43326,2,08/29/2020,170,02/15/2021,HOSPM,RF,02/15/2021,,,,,,,,,
43336,2,10/26/2020,112,02/15/2021,HOSPM,RF,02/15/2021,MAST,SPCT3RF,SPCT3,1,CULTURE,GNRF,GN,,
43336,2,10/26/2020,112,02/15/2021,HOSPM,RF,02/15/2021,MAST,SPCT3RF,SPCT3,1,CULTURE,GPRF,GP,,
43336,2,10/26/2020,,,,,02/18/2021,,,,,,,,REMAST,SPECT5RF
43387,2,11/26/2020,98,03/04/2021,HOSPM,RR,03/04/2021,MAST,NOTXTORR,NOTXT,0,CULTURE,NGRR,NG,,
43414,2,10/25/2020,87,01/20/2021,HOSPM,LF,01/20/2021,MAST,NOTXTOLF,NOTXT,0,CULTURE,NGLF,NG,,
43415,2,07/14/2020,190,01/20/2021,HOSPM,RF,01/20/2021,MAST,SPCT3RF,SPCT3,1,CULTURE,MXRF,MX,,
43415,2,07/14/2020,205,02/04/2021,HOSPM,RF,02/04/2021,MAST,SPCT3RF,SPCT3,1,CULTURE,GPRF,GP,,
43418,2,06/26/2020,271,03/24/2021,HOSPM,BLOOD,03/24/2021,MAST,NOTXTORR,NOTXT,0,CULTURE,NGRR,NG,,
43421,2,07/27/2020,249,04/02/2021,HOSPM,RR,04/02/2021,MAST,SPCT3RR,SPCT3,1,CULTURE,GNRR,GN,,
43427,2,08/03/2020,152,01/02/2021,HOSPM,RF,01/02/2021,MAST,SPCT3RF,SPCT3,1,CULTURE,GPRF,GP,,
43427,2,08/03/2020,162,01/12/2021,HOSPM,RF,01/12/2021,MAST,NOTXTO,NOTXT,0,CULTURE,NGRF,NG,,
43467,2,12/15/2020,53,02/06/2021,HOSPM,LR,02/06/2021,MAST,SPCT3LR,SPCT3,1,CULTURE,GNLR,GN,,
43479,2,09/25/2020,118,01/21/2021,HOSPM,RF,01/21/2021,MAST,SPCT3RF,SPCT3,1,CULTURE,GPRF,GP,,
43479,2,09/25/2020,,,,,01/24/2021,,,,,,,,REMAST,SPECT5RF
43479,2,09/25/2020,127,01/30/2021,HOSPM,RECULTURRF,01/30/2021,,,,,CULTURE,GPRF,GP,,
43479,2,09/25/2020,134,02/06/2021,HOSPM,RF,02/06/2021,,,,,CULTURE,NGRF,NG,,
43479,2,09/25/2020,145,02/17/2021,HOSPM,RF,02/17/2021,MAST,SPCT3RF,SPCT3,1,CULTURE,GPRF,GP,,
43479,2,09/25/2020,168,03/12/2021,HOSPM,RF,03/12/2021,MAST,NOTXTORF,NOTXT,0,CULTURE,NGRF,NG,,
43501,2,09/26/2020,181,03/26/2021,HOSPM,LR,03/26/2021,,,,,CULTURE,GP,GP,,
43501,2,09/26/2020,,,,,03/27/2021,MAST,SPCT3LR,SPCT3,1,,,,,
43505,2,07/08/2020,249,03/14/2021,HOSPM,RR,03/14/2021,MAST,NOTXTO,NOTXT,0,CULTURE,NGRR,NG,,
43505,2,07/08/2020,267,04/01/2021,HOSPM,RR,04/01/2021,MAST,NOTXTORR,NOTXT,0,CULTURE,NGRR,NG,,
43533,2,01/04/2021,29,02/02/2021,HOSPM,LR,02/02/2021,MAST,SPCT3LR,SPCT3,1,CULTURE,GNLR,GN,,
43533,2,01/04/2021,44,02/17/2021,HOSPM,LR,02/17/2021,,,,,CULTURE,NGLR,NG,,
43533,2,01/04/2021,,,,,02/18/2021,MAST,NOTXTO,NOTXT,0,,,,,
43533,2,01/04/2021,58,03/03/2021,HOSPM,LR,03/03/2021,MAST,SPCT3LR,SPCT3,1,CULTURE,GNLR,GN,,
43533,2,01/04/2021,,,,,03/06/2021,,,,,,,,REMAST,SPECT5LR
43533,2,01/04/2021,68,03/13/2021,HOSPM,LR,03/13/2021,MAST,SPCT3LR,SPCT3,1,CULTURE,GNLR,GN,,
43533,2,01/04/2021,,,,,03/16/2021,,,,,,,,REMAST,SPECT5LR
43533,2,01/04/2021,,,,,03/24/2021,MAST,SPECT3LR,SPECT,1,,,,,
43533,2,01/04/2021,87,04/01/2021,HOSPM,LR,04/01/2021,,,,,,,,,
43545,2,07/30/2020,,,,,01/02/2021,MAST,SPECT3RR,SPECT,1,,,,,
43573,2,11/19/2020,84,02/11/2021,HOSPM,RF,02/11/2021,MAST,SPCT3RF,SPCT3,1,CULTURE,GNRF,GN,,
43586,2,12/03/2020,65,02/06/2021,HOSPM,LF,02/06/2021,MAST,SPCT3LF,SPCT3,1,CULTURE,GPLF,GP,,
43586,2,12/03/2020,,,,,02/09/2021,,,,,,,,REMAST,SPECT5LF
43586,2,12/03/2020,76,02/17/2021,HOSPM,LF,02/17/2021,,,,,CULTURE,NGLF,NG,,
43610,2,12/01/2020,88,02/27/2021,HOSPM,RR,02/27/2021,MAST,NOTXTORR,NOTXT,0,CULTURE,NGRR,NG,,
43612,2,07/30/2020,201,02/16/2021,HOSPM,LR,02/16/2021,MAST,SPCT3LR,SPCT3,1,CULTURE,GPLR,GP,,
43612,2,07/30/2020,225,03/12/2021,HOSPM,LF,03/12/2021,MAST,NOTXTOLF,NOTXT,0,CULTURE,NGLF,NG,,
43635,2,10/29/2020,133,03/11/2021,HOSPM,RF,03/11/2021,MAST,SPCT3RF,SPCT3,1,CULTURE,GPRF,GP,,
43653,2,12/17/2020,74,03/01/2021,HOSPM,LF,03/01/2021,MAST,SPCT3LF,SPCT3,1,CULTURE,GPLF,GP,,
43659,2,08/15/2020,187,02/18/2021,HOSPM,LF,02/18/2021,MAST,NOTXTO,NOTXT,0,CULTURE,NG,NG,,
43659,2,08/15/2020,205,03/08/2021,HOSPM,LF,03/08/2021,MAST,SPCT3LF,SPCT3,1,CULTURE,GPLF,GP,,
43659,2,08/15/2020,234,04/06/2021,HOSPM,RF,04/06/2021,,,,,CULTURE,GPRF,GP,,
43663,2,10/01/2020,98,01/07/2021,HOSPM,RF,01/07/2021,MAST,SPCT3RF,SPCT3,1,CULTURE,GPRF,GP,,
43663,2,10/01/2020,117,01/26/2021,HOSPM,RF,01/26/2021,MAST,NOTXTO,NOTXT,0,CULTURE,NGRF,NG,,
43663,2,10/01/2020,125,02/03/2021,HOSPM,RR,02/03/2021,,,,,CULTURE,NG,NG,,
43663,2,10/01/2020,149,02/27/2021,HOSPM,LR,02/27/2021,MAST,SPCT3LR,SPCT3,1,CULTURE,MXLR,MX,,
43673,2,08/17/2020,156,01/20/2021,HOSPM,LF,01/20/2021,MAST,NOTXTOLF,NOTXT,0,CULTURE,NGLF,NG,,
43704,2,11/22/2020,44,01/05/2021,HOSPM,LR,01/05/2021,MAST,SPCT3LR,SPCT3,1,CULTURE,GPLR,GP,,
43710,2,11/09/2020,115,03/04/2021,HOSPM,RR,03/04/2021,MAST,NOTXTORR,NOTXT,0,CULTURE,NGRR,NG,,
43722,2,08/05/2020,158,01/10/2021,HOSPM,LR,01/10/2021,MAST,SPCT3LR,SPCT3,1,CULTURE,GPLR,GP,,
43731,2,11/08/2020,147,04/04/2021,HOSPM,LR,04/04/2021,MAST,NOTXTOLR,NOTXT,0,CULTURE,NGLR,NG,,
43760,2,12/20/2020,25,01/14/2021,HOSPM,LF,01/14/2021,MAST,NOTXTO,NOTXT,0,CULTURE,NG,NG,,
43760,2,12/20/2020,62,02/20/2021,HOSPM,LR,02/20/2021,,,,,CULTURE,MXLR,MX,,
43779,2,12/02/2020,,,,,03/29/2021,,,,,CULTURE,MXLR,MX,,
43790,2,08/30/2020,127,01/04/2021,HOSPM,RR,01/04/2021,MAST,SPCT3RR,SPCT3,1,CULTURE,GPRR,GP,,
43790,2,08/30/2020,,,,,01/07/2021,,,,,,,,REMAST,SPECT5RR
43790,2,08/30/2020,138,01/15/2021,HOSPM,RR,01/15/2021,MAST,SPCT3RR,SPCT3,1,CULTURE,GPRR,GP,,
43790,2,08/30/2020,174,02/20/2021,HOSPM,LR,02/20/2021,MAST,NOTXTOLR,NOTXT,0,CULTURE,NGLR,NG,,
43795,2,10/13/2020,91,01/12/2021,HOSPM,RF,01/12/2021,MAST,NOTXTORF,NOTXT,0,CULTURE,NGRF,NG,,
43809,2,11/23/2020,54,01/16/2021,HOSPM,LR,01/16/2021,MAST,SPCT3LR,SPCT3,1,CULTURE,GPLR,GP,,
43809,2,11/23/2020,74,02/05/2021,HOSPM,LR,02/05/2021,MAST,SPCT3LR,SPCT3,1,CULTURE,GNLR,GN,,
43846,2,08/29/2020,190,03/07/2021,HOSPM,LF,03/07/2021,MAST,NOTXTO,NOTXT,0,CULTURE,NGLF,NG,,
43846,2,08/29/2020,205,03/22/2021,HOSPM,LF,03/22/2021,MAST,NOTXTO,NOTXT,0,CULTURE,NGLF,NG,,
43847,2,11/14/2020,81,02/03/2021,HOSPM,RF,02/03/2021,MAST,SPCT3RF,SPCT3,1,CULTURE,GPRF,GP,,
43847,2,11/14/2020,,,,,02/05/2021,,,,,,,,REMAST,SPECT5RF
43847,2,11/14/2020,89,02/11/2021,HOSPM,LF,02/11/2021,,,,,CULTURE,GPLF.,GP,,
43847,2,11/14/2020,100,02/22/2021,HOSPM,LF,02/22/2021,MAST,SPCT3LF,SPCT3,1,CULTURE,GPLF,GP,,
43886,2,11/28/2020,86,02/22/2021,HOSPM,LF,02/22/2021,MAST,SPCT3LF,SPCT3,1,CULTURE,GPLF,GP,,
43886,2,11/28/2020,,,,,02/25/2021,,,,,,,,REMAST,SPECT5LF
43922,2,10/01/2020,124,02/02/2021,HOSPM,RF,02/02/2021,MAST,NOTXTO,NOTXT,0,CULTURE,NGRF,NG,,
43922,2,10/01/2020,139,02/17/2021,HOSPM,RF,02/17/2021,,,,,CULTURE,NGRF,NG,,
43922,2,10/01/2020,183,04/02/2021,HOSPM,RF,04/02/2021,MAST,NOTXTORF,NOTXT,0,CULTURE,NGRF,NG,,
43958,2,12/22/2020,12,01/03/2021,HOSPM,LF,01/03/2021,,,,,,,,,
43958,2,12/22/2020,13,01/04/2021,HOSPM,LF,01/04/2021,MAST,SPCT3LF,SPCT3,1,CULTURE,MXLF,MX,,
43958,2,12/22/2020,,,,,01/07/2021,,,,,,,,REMAST,SPECT5LF
43958,2,12/22/2020,22,01/13/2021,HOSPM,RECULTUR,01/13/2021,,,,,CULTURE,NGLF,NG,,
43967,2,11/11/2020,,,,,01/28/2021,MAST,SPECT3RR,SPECT,1,,,,,
43973,2,12/01/2020,80,02/19/2021,HOSPM,RR,02/19/2021,MAST,SPCT3RR,SPCT3,1,CULTURE,GPRR,GP,,
44010,2,11/29/2020,53,01/21/2021,HOSPM,LR,01/21/2021,MAST,SPCT3LR,SPCT3,1,CULTURE,MXLR,MX,,
44010,2,11/29/2020,,,,,01/25/2021,,,,,,,,REMAST,SPECT5LR
44010,2,11/29/2020,95,03/04/2021,HOSPM,LR,03/04/2021,MAST,NOTXTOLR,NOTXT,0,CULTURE,NGLR,NG,,
44042,2,10/29/2020,134,03/12/2021,HOSPM,LR,03/12/2021,MAST,NOTXTOLR,NOTXT,0,CULTURE,NGLR,NG,,
44091,2,09/11/2020,123,01/12/2021,HOSPM,RF,01/12/2021,MAST,SPCT3RF,SPCT3,1,CULTURE,GNRF,GN,,
44091,2,09/11/2020,172,03/02/2021,HOSPM,LR,03/02/2021,MAST,NOTXTO,NOTXT,0,CULTURE,NGLR,NG,,
44091,2,09/11/2020,182,03/12/2021,HOSPM,RR,03/12/2021,MAST,SPCT3RR,SPCT3,1,CULTURE,GNRR,GN,,
44091,2,09/11/2020,,,,,03/15/2021,,,,,,,,REMAST,SPECT5RR
44105,2,11/25/2020,46,01/10/2021,HOSPM,LR,01/10/2021,MAST,SPCT3LR,SPCT3,1,CULTURE,MXLR,MX,,
44160,2,10/16/2020,165,03/30/2021,HOSPM,BLOOD,03/30/2021,,,,,,,,,
44185,2,10/26/2020,96,01/30/2021,HOSPM,LR,01/30/2021,MAST,SPCT3LR,SPCT3,1,CULTURE,GPLR,GP,,
44227,2,02/02/2021,39,03/13/2021,HOSPM,RR,03/13/2021,MAST,NOTXTORF,NOTXT,0,CULTURE,NGRR,NG,,
44233,2,11/13/2020,143,04/05/2021,HOSPM,LF,04/05/2021,MAST,SPCT3LF,SPCT3,1,CULTURE,GNLF,GN,,
44261,2,01/16/2021,70,03/27/2021,HOSPM,RR,03/27/2021,MAST,NOTXTORR,NOTXT,0,CULTURE,NGRR,NG,,
44267,2,10/22/2020,,,,,03/21/2021,MAST,SPCT3,SPCT3,1,CULTURE,GPRF,GP,,
44267,2,10/22/2020,151,03/22/2021,HOSPM,RF,03/22/2021,,,,,,,,,
44268,2,11/07/2020,76,01/22/2021,HOSPM,LR,01/22/2021,MAST,SPCT3LR,SPCT3,1,CULTURE,GPLR,GP,,
44288,2,10/31/2020,123,03/03/2021,HOSPM,LR,03/03/2021,,,,,CULTURE,GPLR,GP,,
44298,2,12/08/2020,83,03/01/2021,HOSPM,LF,03/01/2021,MAST,NOTXTO,NOTXT,0,CULTURE,NGLF,NG,,
44298,2,12/08/2020,95,03/13/2021,HOSPM,LF,03/13/2021,MAST,NOTXTOLF,NOTXT,0,CULTURE,NGLF,NG,,
44298,2,12/08/2020,106,03/24/2021,HOSPM,LF,03/24/2021,MAST,NOTXTOLF,NOTXT,0,CULTURE,NGLF,NG,,
44378,2,09/16/2020,124,01/18/2021,HOSPM,LR,01/18/2021,,,,,CULTURE,MXLR,MX,,
44538,2,02/16/2021,47,04/04/2021,HOSPM,LF,04/04/2021,,,,,,,,,
44547,2,11/10/2020,66,01/15/2021,HOSPM,RR,01/15/2021,MAST,SPCT3RR,SPCT3,1,CULTURE,GPRR,GP,,
44547,2,11/10/2020,84,02/02/2021,HOSPM,RR,02/02/2021,MAST,SPCT3RR,SPCT3,1,CULTURE,GPRR,GP,,
44547,2,11/10/2020,102,02/20/2021,HOSPM,RR,02/20/2021,MAST,SPCT3RR,SPCT3,1,CULTURE,GPRR,GP,,
44657,2,01/18/2021,78,04/06/2021,HOSPM,RR,04/06/2021,,,,,CULTURE,MX,MX,,
44666,2,12/04/2020,,,,,04/03/2021,MAST,SPCT3LR,SPCT3,1,,,,,
44666,2,12/04/2020,121,04/04/2021,HOSPM,LR,04/04/2021,,,,,,,,,
44702,2,12/26/2020,,,,,02/08/2021,,,,,CULTURE,GPLF,GP,,
44702,2,12/26/2020,,,,,02/09/2021,MAST,SPCT3LF,SPCT3,1,,,,,
44702,2,12/26/2020,46,02/10/2021,HOSPM,LF,02/10/2021,,,,,,,,,
44740,1,05/23/2020,229,01/07/2021,HOSPM,LR,01/07/2021,MAST,NOTXTOLR,NOTXT,0,CULTURE,NGLR,NG,,
44762,2,01/15/2021,,,,,03/21/2021,MAST,SPECT3LF,SPECT,1,,,,,
44762,2,01/15/2021,,,,,03/23/2021,,,,,,,,REMAST,SPECT5
44774,2,03/04/2021,19,03/23/2021,HOSPM,LR,03/23/2021,MAST,SPCT3LR,SPCT3,1,CULTURE,GPLR,GP,,
44832,2,12/24/2020,,,,,02/03/2021,,,,,CULTURE,GPRF,GP,,
44832,2,12/24/2020,42,02/04/2021,HOSPM,RF,02/04/2021,MAST,SPCT3RF,SPCT3,1,,,,,
44847,2,11/25/2020,84,02/17/2021,HOSPM,LF,02/17/2021,MAST,SPCT3LF,SPCT3,1,CULTURE,MXLF,MX,,
44849,2,01/03/2021,79,03/23/2021,HOSPM,LR,03/23/2021,MAST,NOTXTOLR,NOTXT,0,CULTURE,NGLR,NG,,
44890,2,03/02/2021,22,03/24/2021,HOSPM,RR,03/24/2021,MAST,SPCT3RR,SPCT3,1,CULTURE,GPRR,GP,,
44890,2,03/02/2021,30,04/01/2021,HOSPM,LR,04/01/2021,,,,,CULTURE,NGLR,NG,,
44904,1,06/12/2020,297,04/05/2021,HOSPM,LR,04/05/2021,MAST,SPCT3LR,SPCT3,1,CULTURE,GPLR,GP,,
44944,1,06/01/2020,236,01/23/2021,HOSPM,LR,01/23/2021,MAST,SPCT3LR,SPCT3,1,CULTURE,GPLR,GP,,
45208,1,06/24/2020,263,03/14/2021,HOSPM,LR,03/14/2021,MAST,NOTXTO,NOTXT,0,CULTURE,NG,NG,,
45232,2,02/14/2021,1,02/15/2021,HOSPM,BLOOD,02/15/2021,,,,,,,,,
45324,2,03/27/2021,7,04/03/2021,HOSPM,LR,04/03/2021,MAST,NOTXTOLR,NOTXT,0,CULTURE,NGLR,NG,,
45431,1,05/08/2020,291,02/23/2021,HOSPM,LF,02/23/2021,MAST,NOTXTO,NOTXT,0,CULTURE,NGLF,NG,,
45453,2,02/25/2021,6,03/03/2021,HOSPM,RR,03/03/2021,MAST,SPCT3RR,SPCT3,1,CULTURE,GPRR,GP,,
45533,1,06/26/2020,270,03/23/2021,HOSPM,LR,03/23/2021,,,,,CULTURE,GNLR,GN,,
45555,1,06/17/2020,289,04/02/2021,HOSPM,RR,04/02/2021,MAST,SPCT3RR,SPCT3,1,CULTURE,GNRR,GN,,
45664,1,08/29/2020,214,03/31/2021,HOSPM,LR,03/31/2021,MAST,NOTXTO,NOTXT,0,CULTURE,NGLR,NG,,
45664,1,08/29/2020,215,04/01/2021,HOSPM,LR,04/01/2021,,,,,,,,,
45717,1,05/07/2020,,,,,01/31/2021,,,,,CULTURE,GPRF,GP,,
45717,1,05/07/2020,270,02/01/2021,HOSPM,RF,02/01/2021,MAST,SPCT3LF,SPCT3,1,,,,,
45717,1,05/07/2020,,,,,02/02/2021,,,,,CULTURE,GPLF,GP,,
45780,1,08/04/2020,175,01/26/2021,HOSPM,RR,01/26/2021,MAST,NOTXTO,NOTXT,0,CULTURE,NG,NG,,
45845,1,03/07/2020,377,03/19/2021,HOSPM,LR,03/19/2021,MAST,SPCT3LR,SPCT3,1,CULTURE,GNLR,GN,,
45899,1,08/15/2020,153,01/15/2021,HOSPM,RF,01/15/2021,MAST,SPCT3RF,SPCT3,1,CULTURE,GPRF,GP,,
45903,1,07/17/2020,261,04/04/2021,HOSPM,LR,04/04/2021,MAST,NOTXTOLR,NOTXT,0,CULTURE,NGLR,NG,,
46079,1,08/20/2020,224,04/01/2021,HOSPM,RR,04/01/2021,MAST,NOTXTORR,NOTXT,0,,,,,
46138,1,08/16/2020,214,03/18/2021,HOSPM,RF,03/18/2021,MAST,SPCT3RF,SPCT3,1,CULTURE,GPRF,GP,,
46160,1,09/06/2020,179,03/04/2021,HOSPM,RR,03/04/2021,MAST,SPCT3RR,SPCT3,1,CULTURE,GPRR,GP,,
46170,1,06/15/2020,293,04/04/2021,HOSPM,LR,04/04/2021,MAST,NOTXTOLR,NOTXT,0,CULTURE,NGLR,NG,,
46185,1,07/08/2020,205,01/29/2021,HOSPM,LF,01/29/2021,MAST,SPCT3LF,SPCT3,1,CULTURE,GPLF,GP,,
46205,1,06/22/2020,238,02/15/2021,HOSPM,RR,02/15/2021,,,,,CULTURE,GPRR,GP,,
46223,1,07/28/2020,212,02/25/2021,HOSPM,LR,02/25/2021,MAST,NOTXTO,NOTXT,0,CULTURE,NG,NG,,
46244,1,06/26/2020,259,03/12/2021,HOSPM,RR,03/12/2021,MAST,SPCT3RR,SPCT3,1,CULTURE,GNRR,GN,,
46244,1,06/26/2020,,,,,03/15/2021,,,,,,,,REMAST,SPECT5RR
46281,1,07/07/2020,273,04/06/2021,HOSPM,LF,04/06/2021,MAST,SP2,SP2,1,CULTURE,GNLF,GN,,
46292,1,11/10/2020,55,01/04/2021,HOSPM,RR,01/04/2021,MAST,SPCT3RR,SPCT3,1,CULTURE,GPRR,GP,,
46292,1,11/10/2020,,,,,01/07/2021,,,,,,,,REMAST,SPECT5RR
46292,1,11/10/2020,68,01/17/2021,HOSPM,RR,01/17/2021,MAST,NOTXTO,NOTXT,0,CULTURE,NG,NG,,
46307,1,09/18/2020,117,01/13/2021,HOSPM,LF,01/13/2021,MAST,NOTXTO,NOTXT,0,CULTURE,NG,NG,,
46311,1,08/04/2020,234,03/26/2021,HOSPM,LF,03/26/2021,,,,,CULTURE,NGLF,NG,,
46322,1,07/07/2020,202,01/25/2021,HOSPM,RR,01/25/2021,MAST,SPCT3RR,SPCT3,1,CULTURE,GPRR,GP,,
46375,1,08/07/2020,149,01/03/2021,HOSPM,RR,01/03/2021,MAST,NOTXTORR,NOTXT,0,CULTURE,NGRR,NG,,
46375,1,08/07/2020,163,01/17/2021,HOSPM,LR,01/17/2021,,,,,CULTURE,GPLR,GP,,
46375,1,08/07/2020,,,,,01/18/2021,MAST,SPCT3LR,SPCT3,1,,,,,
46375,1,08/07/2020,179,02/02/2021,HOSPM,RR,02/02/2021,MAST,NOTXTO,NOTXT,0,CULTURE,NGRR,NG,,
46375,1,08/07/2020,196,02/19/2021,HOSPM,LR,02/19/2021,,,,,CULTURE,NGLR,NG,,
46375,1,08/07/2020,206,03/01/2021,HOSPM,RR,03/01/2021,,,,,,,,,
46454,1,07/21/2020,235,03/13/2021,HOSPM,LR,03/13/2021,MAST,SPCT3LR,SPCT3,1,CULTURE,MXLR,MX,,
46454,1,07/21/2020,,,,,03/16/2021,,,,,,,,REMAST,SPECT5LR
46509,1,08/03/2020,231,03/22/2021,HOSPM,BLOOD,03/22/2021,,,,,,,,,
46709,1,08/18/2020,197,03/03/2021,HOSPM,LF,03/03/2021,MAST,SPCT3LF,SPCT3,1,CULTURE,MXLF,MX,,
46709,1,08/18/2020,,,,,03/06/2021,,,,,,,,REMAST,SPECT5LF
46753,1,10/24/2020,105,02/06/2021,HOSPM,LF,02/06/2021,,,,,CULTURE,GNLF,GN,,
46779,1,09/16/2020,,,,,04/01/2021,,,,,CULTURE,NGRR,NG,,
46794,1,11/08/2020,,,,,03/04/2021,MAST,NOTXTOLF,NOTXT,0,CULTURE,NGLF,NG,,
46799,1,11/04/2020,120,03/04/2021,HOSPM,LF,03/04/2021,MAST,SPCT3LF,SPCT3,1,CULTURE,GPLF,GP,,
46801,1,11/18/2020,,,,,02/07/2021,MAST,SPECT3RF,SPECT,1,,,,,
46801,1,11/18/2020,106,03/04/2021,HOSPM,RF,03/04/2021,MAST,NOTXTORF,NOTXT,0,CULTURE,NGRF,NG,,
46801,1,11/18/2020,115,03/13/2021,HOSPM,RF,03/13/2021,,,,,CULTURE,NGRF,NG,,
46801,1,11/18/2020,135,04/02/2021,HOSPM,RF,04/02/2021,MAST,NOTXTORF,NOTXT,0,CULTURE,NGRF,NG,,
46810,1,09/26/2020,134,02/07/2021,HOSPM,RF,02/07/2021,,,,,CULTURE,NGRF,NG,,
46932,1,11/09/2020,71,01/19/2021,HOSPM,RR,01/19/2021,,,,,CULTURE,GPRR,GP,,
46932,1,11/09/2020,,,,,01/20/2021,MAST,SPCT3RR,SPCT3,1,,,,,
46952,1,08/25/2020,174,02/15/2021,HOSPM,RF,02/15/2021,,,,,,,,,
46957,1,12/11/2020,68,02/17/2021,HOSPM,RF,02/17/2021,,,,,CULTURE,NGRF,NG,,
46961,1,11/17/2020,75,01/31/2021,HOSPM,RR,01/31/2021,,,,,CULTURE,GNRR,GN,,
46978,1,01/20/2021,75,04/05/2021,HOSPM,LR,04/05/2021,MAST,NOTXTO,NOTXT,0,CULTURE,NGLR,NG,,
47005,1,01/27/2021,22,02/18/2021,HOSPM,LR,02/18/2021,,,,,CULTURE,NGLR,NG,,
47005,1,01/27/2021,36,03/04/2021,HOSPM,LR,03/04/2021,MAST,SPCT3LR,SPCT3,1,CULTURE,GPLR,GP,,
47057,1,01/17/2021,4,01/21/2021,HOSPM,RR,01/21/2021,,,,,,,,,
47058,1,09/06/2020,181,03/06/2021,HOSPM,RF,03/06/2021,MAST,SPCT3RF,SPCT3,1,CULTURE,MXRF,MX,,
47058,1,09/06/2020,,,,,03/09/2021,,,,,,,,REMAST,SPECT5RF
47094,1,09/01/2020,204,03/24/2021,HOSPM,LR,03/24/2021,MAST,NOTXTOLR,NOTXT,0,CULTURE,NGLR,NG,,
47131,1,09/18/2020,125,01/21/2021,HOSPM,LR,01/21/2021,MAST,SPCT3LR,SPCT3,1,CULTURE,GPLR,GP,,
47131,1,09/18/2020,153,02/18/2021,HOSPM,LR,02/18/2021,MAST,NOTXTO,NOTXT,0,CULTURE,NGLR,NG,,
47320,1,10/13/2020,99,01/20/2021,HOSPM,LR,01/20/2021,MAST,SPCT3LR,SPCT3,1,CULTURE,GNLR,GN,,
47341,1,01/09/2021,2,01/11/2021,HOSPM,RR,01/11/2021,MAST,SPCT3RR,SPCT3,1,CULTURE,GPRR,GP,,
47348,1,09/29/2020,162,03/10/2021,HOSPM,RR,03/10/2021,MAST,SPCT3RR,SPCT3,1,CULTURE,GPRR,GP,,
47348,1,09/29/2020,,,,,03/13/2021,,,,,,,,REMAST,SPECT5RR
47421,1,11/11/2020,111,03/02/2021,HOSPM,RR,03/02/2021,MAST,SPCT3RR,SPCT3,1,CULTURE,GPRR,GP,,
47438,1,12/09/2020,116,04/04/2021,HOSPM,?,04/04/2021,,,,,,,,,
47475,1,02/15/2021,20,03/07/2021,HOSPM,LR,03/07/2021,MAST,SPCT3LR,SPCT3,1,CULTURE,MXLR,MX,,
47475,1,02/15/2021,,,,,03/10/2021,,,,,,,,REMAST,SPECT5LR
47478,1,10/17/2020,128,02/22/2021,HOSPM,LR,02/22/2021,MAST,NOTXTOLR,NOTXT,0,CULTURE,NGLR,NG,,
47522,1,01/19/2021,4,01/23/2021,HOSPM,LR,01/23/2021,MAST,NOTXTOLR,NOTXT,0,CULTURE,NGLR,NG,,
47522,1,01/19/2021,44,03/04/2021,HOSPM,LR,03/04/2021,MAST,SPCT3LR,SPCT3,1,CULTURE,GPLR,GP,,
47540,1,10/10/2020,89,01/07/2021,HOSPM,RR,01/07/2021,,,,,CULTURE,GPRR,GP,,
47540,1,10/10/2020,,,,,01/09/2021,MAST,SPCT3RR,SPCT3,1,,,,,
47584,1,03/12/2021,1,03/13/2021,HOSPM,RR,03/13/2021,MAST,SPCT3RR,SPCT3,1,CULTURE,GPRR,GP,,
47584,1,03/12/2021,,,,,03/16/2021,,,,,,,,REMAST,SPECT5RR
47603,1,10/17/2020,117,02/11/2021,HOSPM,LR,02/11/2021,MAST,SPCT3LR,SPCT3,1,CULTURE,GPLR,GP,,
47603,1,10/17/2020,123,02/17/2021,HOSPM,RR,02/17/2021,,,,,CULTURE,GPRR,GP,,
47798,1,10/28/2020,76,01/12/2021,HOSPM,LR,01/12/2021,MAST,NOTXTOLR,NOTXT,0,CULTURE,NGLR,NG,,
47798,1,10/28/2020,118,02/23/2021,HOSPM,LR,02/23/2021,MAST,NOTXTO,NOTXT,0,CULTURE,NG,NG,,
47846,1,11/15/2020,59,01/13/2021,HOSPM,RF,01/13/2021,MAST,NOTXTO,NOTXT,0,CULTURE,NGRF,NG,,
47846,1,11/15/2020,88,02/11/2021,HOSPM,RF,02/11/2021,MAST,NOTXTORF,NOTXT,0,CULTURE,NGRF,NG,,
47846,1,11/15/2020,97,02/20/2021,HOSPM,RF,02/20/2021,,,,,CULTURE,GPRF,GP,,
48074,1,04/05/2021,1,04/06/2021,HOSPM,BLOOD,04/06/2021,,,,,,,,,
48092,1,02/17/2021,13,03/02/2021,HOSPM,LR,03/02/2021,MAST,NOTXTO,NOTXT,0,CULTURE,NGLR,NG,,
48092,1,02/17/2021,23,03/12/2021,HOSPM,LR,03/12/2021,MAST,NOTXTOLR,NOTXT,0,CULTURE,NGLR,NG,,
48110,1,12/22/2020,46,02/06/2021,HOSPM,LF,02/06/2021,,,,,CULTURE,NGLF,NG,,
48110,1,12/22/2020,,,,,02/07/2021,MAST,NOTXTO,NOTXT,0,,,,,
48110,1,12/22/2020,78,03/10/2021,HOSPM,LR,03/10/2021,MAST,NOTXTO,NOTXT,0,CULTURE,NG,NG,,
48111,1,01/19/2021,6,01/25/2021,HOSPM,RR,01/25/2021,MAST,NOTXTORR,NOTXT,0,CULTURE,NGRR,NG,,
48126,1,03/18/2021,,,,,04/03/2021,,,,,CULTURE,GNRR,GN,,
48126,1,03/18/2021,17,04/04/2021,HOSPM,RR,04/04/2021,MAST,SPCT3RR,SPCT3,1,,,,,
48147,1,02/19/2021,11,03/02/2021,HOSPM,LR,03/02/2021,MAST,NOTXTO,NOTXT,0,CULTURE,NGLR,NG,,
48170,1,12/14/2020,43,01/26/2021,HOSPM,LR,01/26/2021,MAST,SPCT3LR,SPCT3,1,CULTURE,GNLR,GN,,
48170,1,12/14/2020,,,,,01/29/2021,,,,,,,,REMAST,SPECT5LR
48170,1,12/14/2020,51,02/03/2021,HOSPM,RECULTUR,02/03/2021,,,,,CULTURE,NG,NG,,
48180,1,01/18/2021,53,03/12/2021,HOSPM,LR,03/12/2021,MAST,SPCT3LR,SPCT3,1,CULTURE,GPLR,GP,,
48192,1,12/30/2020,3,01/02/2021,HOSPM,RF,01/02/2021,,,,,CULTURE,GPRF,GP,,
48210,1,12/28/2020,26,01/23/2021,HOSPM,LR,01/23/2021,,,,,CULTURE,GPLR,GP,,
48210,1,12/28/2020,,,,,01/25/2021,MAST,SPCT3LR,SPCT3,1,,,,,
48210,1,12/28/2020,,,,,01/28/2021,,,,,,,,REMAST,SPECT5LR
48210,1,12/28/2020,36,02/02/2021,HOSPM,RECULTUR,02/02/2021,,,,,CULTURE,GPLR,GP,,
48210,1,12/28/2020,,,,,02/05/2021,,,,,,,,REMAST,SPECT5LR
48214,1,01/25/2021,37,03/03/2021,HOSPM,LR,03/03/2021,MAST,SPCT3LR,SPCT3,1,CULTURE,GP,GP,,
48214,1,01/25/2021,45,03/11/2021,HOSPM,LR,03/11/2021,,,,,CULTURE,NG,NG,,
48216,1,01/27/2021,58,03/26/2021,HOSPM,RR,03/26/2021,MAST,SPCT3RR,SPCT3,1,CULTURE,GNRR,GN,,
48255,1,12/22/2020,18,01/09/2021,HOSPM,LR,01/09/2021,,,,,CULTURE,NGLR,NG,,
48270,1,02/05/2021,42,03/19/2021,HOSPM,LR,03/19/2021,MAST,SPCT3LR,SPCT3,1,CULTURE,GNLR,GN,,
48351,1,02/06/2021,5,02/11/2021,HOSPM,LF,02/11/2021,,,,,,,,,
48376,1,01/13/2021,2,01/15/2021,HOSPM,LR,01/15/2021,MAST,SPCT3LR,SPCT3,1,CULTURE,GPLR,GP,,
48382,1,02/02/2021,4,02/06/2021,HOSPM,LR,02/06/2021,MAST,SPCT3LR,SPCT3,1,CULTURE,GPLR,GP,,
48437,1,03/14/2021,3,03/17/2021,HOSPM,RF,03/17/2021,MAST,NOTXTORF,NOTXT,0,CULTURE,NGRF,NG,,
48474,1,01/19/2021,30,02/18/2021,HOSPM,RR,02/18/2021,MAST,SPCT3RR,SPCT3,1,CULTURE,GPRR,GP,,
48476,1,03/10/2021,4,03/14/2021,HOSPM,LR,03/14/2021,MAST,SPCT3LR,SPCT3,1,CULTURE,GPLR.,GP,,
48528,1,02/05/2021,,,,,02/10/2021,MAST,SPECT3RR,SPECT,1,,,,,
48584,1,02/08/2021,15,02/23/2021,HOSPM,RR,02/23/2021,MAST,NOTXTO,NOTXT,0,CULTURE,NG,NG,,
48595,1,02/02/2021,15,02/17/2021,HOSPM,RR,02/17/2021,,,,,CULTURE,NGRR,NG,,
48595,1,02/02/2021,,,,,02/18/2021,MAST,NOTXTO,NOTXT,0,,,,,
48595,1,02/02/2021,33,03/07/2021,HOSPM,RR,03/07/2021,MAST,SPCT3RR,SPCT3,1,CULTURE,GPRR,GP,,
48595,1,02/02/2021,,,,,03/10/2021,,,,,,,,REMAST,SPECT5RR
48702,1,03/26/2021,5,03/31/2021,HOSPM,LF,03/31/2021,MAST,NOTXTO,NOTXT,0,CULTURE,NGLF,NG,,
48718,1,03/01/2021,17,03/18/2021,HOSPM,RR,03/18/2021,MAST,NOTXTORR,NOTXT,0,CULTURE,NGRR,NG,,
48718,1,03/01/2021,22,03/23/2021,HOSPM,RR,03/23/2021,,,,,CULTURE,NGRR,NG,,
48763,1,03/16/2021,7,03/23/2021,HOSPM,RF,03/23/2021,MAST,SPCT3RF,SPCT3,1,CULTURE,GPRF,GP,,
48763,1,03/16/2021,,,,,03/26/2021,,,,,,,,REMAST,SPECT5RF
48824,1,03/19/2021,11,03/30/2021,HOSPM,LR,03/30/2021,MAST,NOTXTOLR,NOTXT,0,CULTURE,NGLR,NG,,
48871,1,03/24/2021,6,03/30/2021,HOSPM,LR,03/30/2021,MAST,SPCT3LR,SPCT3,1,CULTURE,GPLR,GP,,
49767,1,01/21/2021,32,02/22/2021,HOSPM,RR,02/22/2021,MAST,NOTXTORR,NOTXT,0,CULTURE,NGRR,NG,,
49767,1,01/21/2021,41,03/03/2021,HOSPM,RR,03/03/2021,,,,,CULTURE,NGRR,NG,,
